magnitude,date,felt,cdi,mmi,alert,status,tsunami,sig,net,sources,types,nst,dmin,rms,gap,magType,depth,latitude,longitude,distanceKM,continent,country,subnational,timezone,year,month,day
4.8,2024-09-17 00:49:42,1893,6,5,green,reviewed,0,994,us,",us,tx,",",dyfi,ground-failure,losspager,moment-tensor,oaf,origin,phase-data,shakemap,",37,0.287,0.48,70.0,mww,4.044,32.3984,-102.044,33,North America,United States of America (the),Texas,-300,2024,9,17
5.1,2024-09-17 00:49:42,2042,6,5,green,reviewed,0,1040,tx,",us,tx,",",dyfi,ground-failure,losspager,moment-tensor,oaf,origin,phase-data,shakemap,",24,0.0,0.1,38.0,ml,6.1279,32.414,-102.057,34,North America,United States of America (the),Texas,-300,2024,9,17
3.7,2024-09-16 11:22:08,1580,4,4,Unknown,reviewed,0,591,ci,",ci,us,",",dyfi,focal-mechanism,nearby-cities,origin,phase-data,scitech-link,shakemap,",135,0.03294,0.28,99.0,ml,10.9,34.0678,-118.807,6,North America,United States of America (the),California,-420,2024,9,16
3.9,2024-09-14 17:01:06,5,3,4,green,reviewed,0,236,tx,",us,tx,",",dyfi,losspager,moment-tensor,origin,phase-data,shakemap,",38,0.0,0.1,65.0,ml,6.2024,31.647,-104.45,58,North America,United States of America (the),Texas,-300,2024,9,14
4.1,2024-09-14 17:01:06,4,3,4,green,reviewed,0,260,us,",us,",",dyfi,losspager,origin,phase-data,shakemap,",28,0.043,0.26,67.0,mb,8.814,31.6323,-104.473,60,North America,United States of America (the),Texas,-300,2024,9,14
3.23,2024-09-13 11:56:39,472,4,3,Unknown,reviewed,0,340,ci,",ci,us,",",dyfi,focal-mechanism,nearby-cities,origin,phase-data,scitech-link,shakemap,",131,0.03137,0.26,88.0,ml,10.95,34.0637,-118.812,6,North America,United States of America (the),California,-420,2024,9,13
3.43,2024-09-12 16:37:32,234,4,3,Unknown,reviewed,0,277,ci,",ci,us,",",dyfi,focal-mechanism,nearby-cities,origin,phase-data,scitech-link,shakemap,",111,0.02408,0.29,92.0,ml,11.02,34.0588,-118.799,5,North America,United States of America (the),California,-420,2024,9,12
3.44,2024-09-12 15:40:49,225,4,3,Unknown,reviewed,0,272,ci,",ci,us,",",dyfi,focal-mechanism,nearby-cities,origin,phase-data,scitech-link,shakemap,",115,0.02561,0.31,84.0,ml,10.93,34.0682,-118.8,7,North America,United States of America (the),California,-420,2024,9,12
4.69,2024-09-12 14:28:21,18592,5,5,green,reviewed,1,818,ci,",ew,ci,at,us,",",dyfi,focal-mechanism,impact-link,losspager,moment-tensor,nearby-cities,oaf,origin,phase-data,scitech-link,shake-alert,shakemap,",145,0.03238,0.29,101.0,mw,11.35,34.0703,-118.808,6,North America,United States of America (the),California,-420,2024,9,12
3.5,2024-09-11 08:31:01,0,0,3,Unknown,reviewed,0,188,nn,",us,nn,",",origin,phase-data,shakemap,",14,0.301,0.1665,147.85,ml,11.8,37.6127,-115.303,7,North America,United States of America (the),Nevada,-420,2024,9,11
3.8,2024-09-10 18:03:00,5,3,4,green,reviewed,0,224,tx,",tx,us,",",dyfi,losspager,moment-tensor,origin,phase-data,shakemap,",32,0.1,0.2,66.0,ml,6.1511,31.641,-104.356,56,North America,United States of America (the),Texas,-300,2024,9,10
3.3,2024-09-09 09:50:37,1,3,4,Unknown,reviewed,0,168,tx,",tx,us,",",dyfi,origin,phase-data,shakemap,",34,0.0,0.1,70.0,ml,7.0227,31.586,-104.55,61,North America,United States of America (the),Texas,-300,2024,9,9
3.8,2024-09-08 02:37:22,2,3,4,Unknown,reviewed,0,223,tx,",us,tx,",",dyfi,moment-tensor,origin,phase-data,shakemap,",45,0.0,0.1,66.0,ml,6.0999,31.663,-104.452,57,North America,United States of America (the),Texas,-300,2024,9,8
3.9,2024-09-08 02:37:22,1,3,4,Unknown,reviewed,0,234,us,",us,",",dyfi,origin,phase-data,shakemap,",32,0.048,0.23,67.0,ml,10.0,31.6305,-104.466,61,North America,United States of America (the),Texas,-300,2024,9,8
3.35,2024-09-08 02:16:27,13,4,4,Unknown,reviewed,0,178,uu,",uu,us,",",dyfi,moment-tensor,origin,phase-data,shakemap,",41,0.08871,0.19,92.0,ml,4.98,41.5833,-112.42,15,North America,United States of America (the),Utah,-360,2024,9,8
3.94,2024-09-07 17:34:20,2756,5,5,Unknown,reviewed,1,769,ci,",ci,ew,ci,at,us,",",associate,dyfi,focal-mechanism,impact-link,moment-tensor,nearby-cities,origin,phase-data,scitech-link,shake-alert,shakemap,",171,0.01545,0.23,15.0,mw,4.84,34.0297,-117.586,4,North America,United States of America (the),California,-420,2024,9,7
3.45,2024-09-07 17:05:45,824,4,4,Unknown,reviewed,0,513,ci,",ci,us,",",dyfi,focal-mechanism,nearby-cities,origin,phase-data,scitech-link,shakemap,",152,0.01628,0.22,20.0,ml,5.96,34.0227,-117.593,5,North America,United States of America (the),California,-420,2024,9,7
3.09,2024-09-07 14:31:32,6,4,4,Unknown,reviewed,0,149,nc,",nc,us,",",dyfi,focal-mechanism,nearby-cities,origin,phase-data,scitech-link,shakemap,",76,0.006999,0.08,39.0,ml,-0.25,38.7893,-122.734,3,North America,United States of America (the),California,-420,2024,9,7
4.28,2024-09-07 14:30:36,241,5,5,green,reviewed,1,398,nc,",ew,nc,at,us,",",dyfi,focal-mechanism,impact-link,losspager,moment-tensor,nearby-cities,origin,phase-data,scitech-link,shake-alert,shakemap,",121,0.009855,0.1,17.0,mw,0.16,38.7765,-122.746,1,North America,United States of America (the),California,-420,2024,9,7
3.17,2024-09-07 06:03:42,11,3,2,Unknown,reviewed,0,158,ci,",ci,us,",",dyfi,nearby-cities,origin,phase-data,scitech-link,shakemap,",94,0.1793,0.32,143.0,ml,-0.1,33.7255,-118.599,22,Unknown,United States of America (the),Unknown,-420,2024,9,7
3.47,2024-09-06 12:07:06,49,3,4,Unknown,reviewed,0,202,nc,",nc,nn,us,",",dyfi,focal-mechanism,moment-tensor,nearby-cities,origin,phase-data,scitech-link,shakemap,",32,0.1282,0.12,53.0,mw,5.29,38.6982,-119.598,18,North America,United States of America (the),California,-420,2024,9,6
3.32,2024-09-05 20:04:29,27,3,3,Unknown,reviewed,0,178,nc,",nc,us,",",dyfi,focal-mechanism,moment-tensor,nearby-cities,origin,phase-data,scitech-link,shakemap,",66,0.02036,0.12,49.0,mw,11.39,36.07,-120.167,8,North America,United States of America (the),California,-420,2024,9,5
3.1,2024-09-04 21:31:11,0,0,3,Unknown,reviewed,0,148,nn,",us,nn,",",origin,phase-data,shakemap,",24,0.196,0.187,114.78,ml,8.3,37.741,-117.142,8,North America,United States of America (the),Nevada,-420,2024,9,4
3.1,2024-09-04 21:31:10,0,0,3,Unknown,reviewed,0,148,us,",us,",",origin,phase-data,shakemap,",10,0.453,0.67,124.0,ml,5.0,37.743,-117.134,9,North America,United States of America (the),Nevada,-420,2024,9,4
3.0,2024-09-04 21:30:35,0,0,3,Unknown,reviewed,0,138,us,",us,",",origin,phase-data,shakemap,",32,0.5,0.69,38.0,ml,5.0,37.7769,-117.067,16,North America,United States of America (the),Nevada,-420,2024,9,4
3.46,2024-09-03 12:11:58,11,3,3,Unknown,reviewed,0,187,nc,",nc,us,",",dyfi,focal-mechanism,nearby-cities,origin,phase-data,scitech-link,shakemap,",34,0.1385,0.07,64.0,ml,9.43,37.432,-118.758,14,North America,United States of America (the),California,-420,2024,9,3
3.14,2024-09-02 11:34:26,5,3,2,Unknown,reviewed,0,153,ci,",ci,us,",",dyfi,nearby-cities,origin,phase-data,scitech-link,shakemap,",89,0.1739,0.37,138.0,ml,-0.11,33.7102,-118.628,21,Unknown,United States of America (the),Unknown,-420,2024,9,2
3.4,2024-09-01 11:01:44,71,3,4,Unknown,reviewed,0,198,nc,",nc,nn,us,",",dyfi,focal-mechanism,moment-tensor,nearby-cities,origin,phase-data,scitech-link,shakemap,",35,0.02849,0.05,64.0,mw,3.36,37.4332,-118.469,7,North America,United States of America (the),California,-420,2024,9,1
3.5,2024-09-01 08:47:07,4,3,3,Unknown,reviewed,0,190,us,",us,mb,",",dyfi,origin,phase-data,shakemap,",34,0.441,0.43,52.0,ml,23.624,47.3504,-113.16,31,North America,United States of America (the),Montana,-360,2024,9,1
3.4,2024-08-31 10:01:04,0,0,4,Unknown,reviewed,0,178,tx,",us,tx,",",moment-tensor,origin,phase-data,shakemap,",25,0.1,0.1,50.0,ml,6.0999,31.608,-103.99,39,North America,United States of America (the),Texas,-300,2024,8,31
3.6,2024-08-31 10:01:04,0,0,4,Unknown,reviewed,0,199,us,",us,",",origin,phase-data,shakemap,",31,0.053,0.27,75.0,ml,9.724,31.6125,-103.986,37,North America,United States of America (the),Texas,-300,2024,8,31
3.6,2024-08-31 07:56:25,0,0,4,Unknown,reviewed,0,199,us,",us,",",origin,phase-data,shakemap,",54,0.14,0.56,54.0,ml,9.194,31.6465,-104.339,58,North America,United States of America (the),Texas,-300,2024,8,31
3.3,2024-08-31 07:56:24,0,0,4,Unknown,reviewed,0,168,tx,",us,tx,",",moment-tensor,origin,phase-data,shakemap,",34,0.1,0.2,69.0,ml,6.0999,31.663,-104.37,56,North America,United States of America (the),Texas,-300,2024,8,31
3.9,2024-08-28 19:57:22,0,0,4,Unknown,reviewed,0,234,tx,",us,tx,",",moment-tensor,origin,phase-data,shakemap,",32,0.1,0.2,57.0,ml,6.7664,31.663,-104.363,56,North America,United States of America (the),Texas,-300,2024,8,28
3.31,2024-08-28 12:43:01,298,3,3,Unknown,reviewed,0,267,ci,",ci,us,",",dyfi,focal-mechanism,nearby-cities,origin,phase-data,scitech-link,shakemap,",129,0.03591,0.2,14.0,ml,15.85,33.6755,-116.723,7,North America,United States of America (the),California,-420,2024,8,28
3.9,2024-08-25 05:13:45,12,3,4,green,reviewed,0,237,nn,",nn,us,",",dyfi,losspager,moment-tensor,origin,phase-data,shakemap,",14,0.06,0.1836,54.74,ml,4.2,38.6738,-118.545,17,North America,United States of America (the),Nevada,-420,2024,8,25
3.4,2024-08-24 14:05:18,0,0,3,Unknown,reviewed,0,178,nn,",nn,us,",",moment-tensor,origin,phase-data,shakemap,",16,0.062,0.1843,40.89,ml,5.7,38.6698,-118.546,17,North America,United States of America (the),Nevada,-420,2024,8,24
3.3,2024-08-24 13:57:04,0,0,3,Unknown,reviewed,0,168,nn,",nn,us,",",moment-tensor,origin,phase-data,shakemap,",11,0.059,0.1593,48.94,ml,5.3,38.6825,-118.555,17,North America,United States of America (the),Nevada,-420,2024,8,24
3.2,2024-08-24 13:57:04,0,0,3,Unknown,reviewed,0,158,us,",us,",",origin,phase-data,shakemap,",22,0.318,0.61,70.0,ml,9.426,38.6833,-118.548,18,North America,United States of America (the),Nevada,-420,2024,8,24
3.3,2024-08-24 04:14:00,3,2,3,Unknown,reviewed,0,168,nn,",nn,us,",",dyfi,moment-tensor,origin,phase-data,shakemap,",23,0.053,0.1688,48.75,ml,6.7,38.6669,-118.556,17,North America,United States of America (the),Nevada,-420,2024,8,24
4.3,2024-08-23 15:31:58,30,4,4,green,reviewed,0,297,nn,",us,nn,",",dyfi,losspager,moment-tensor,origin,phase-data,shakemap,",13,0.068,0.1639,41.24,ml,5.5,38.6847,-118.564,16,North America,United States of America (the),Nevada,-420,2024,8,23
4.3,2024-08-23 15:31:57,9,4,4,green,reviewed,0,288,us,",us,",",dyfi,losspager,moment-tensor,origin,phase-data,shakemap,",32,0.332,0.71,88.0,mwr,5.0,38.7101,-118.532,20,North America,United States of America (the),Nevada,-420,2024,8,23
3.3,2024-08-23 14:51:22,3,3,3,Unknown,reviewed,0,168,nn,",nn,us,",",dyfi,origin,phase-data,shakemap,",16,0.059,0.172,48.96,ml,4.7,38.6808,-118.55,17,North America,United States of America (the),Nevada,-420,2024,8,23
3.0,2024-08-23 13:43:06,2,2,3,Unknown,reviewed,0,139,nn,",nn,us,",",dyfi,origin,phase-data,shakemap,",15,0.064,0.1847,92.4,ml,6.0,38.6871,-118.561,17,North America,United States of America (the),Nevada,-420,2024,8,23
3.9,2024-08-23 03:21:38,3,3,5,green,reviewed,0,235,tx,",us,tx,",",dyfi,losspager,moment-tensor,origin,phase-data,shakemap,",36,0.0,0.1,66.0,ml,6.0999,31.656,-104.457,57,North America,United States of America (the),Texas,-300,2024,8,23
4.2,2024-08-23 03:21:38,1,1,4,green,reviewed,0,271,us,",us,",",dyfi,losspager,origin,phase-data,shakemap,",41,0.07,0.5,66.0,ml,5.0,31.6187,-104.443,62,North America,United States of America (the),Texas,-300,2024,8,23
3.8,2024-08-15 22:59:30,5,5,4,Unknown,reviewed,0,225,tx,",us,tx,",",dyfi,moment-tensor,origin,phase-data,shakemap,",18,0.1,0.1,63.0,ml,8.0078,31.691,-101.701,28,North America,United States of America (the),Texas,-300,2024,8,15
3.29,2024-08-15 18:02:34,12,3,3,Unknown,reviewed,0,170,uu,",uu,us,",",dyfi,moment-tensor,origin,phase-data,shakemap,",28,0.06768,0.25,92.0,ml,9.23,37.0675,-112.864,13,North America,United States of America (the),Utah,-360,2024,8,15
3.61,2024-08-15 16:39:31,3877,4,4,Unknown,reviewed,0,610,ci,",ew,ci,us,",",dyfi,focal-mechanism,moment-tensor,nearby-cities,origin,phase-data,scitech-link,shake-alert,shakemap,",158,0.03404,0.26,33.0,mw,8.38,33.6777,-117.391,6,North America,United States of America (the),California,-420,2024,8,15
4.4,2024-08-14 03:06:35,544,4,4,green,reviewed,0,526,nn,",us,nn,",",dyfi,losspager,moment-tensor,origin,phase-data,shakemap,",43,0.19,0.1326,44.07,ml,13.2,36.61,-115.727,8,North America,United States of America (the),Nevada,-420,2024,8,14
4.1,2024-08-14 03:06:35,110,4,4,green,reviewed,0,306,us,",us,",",dyfi,losspager,moment-tensor,origin,phase-data,shakemap,",47,0.463,0.65,28.0,ml,19.877,36.633,-115.709,7,North America,United States of America (the),Nevada,-420,2024,8,14
4.39,2024-08-12 19:20:24,24227,5,5,green,reviewed,1,836,ci,",ew,ci,at,us,",",dyfi,focal-mechanism,impact-link,losspager,moment-tensor,nearby-cities,oaf,origin,phase-data,scitech-link,shake-alert,shakemap,",192,0.03299,0.24,24.0,mw,10.98,34.0843,-118.185,4,North America,United States of America (the),California,-420,2024,8,12
3.66,2024-08-11 09:45:13,5,5,4,Unknown,reviewed,0,209,ci,",ew,us,ci,",",dyfi,focal-mechanism,moment-tensor,nearby-cities,origin,phase-data,scitech-link,shake-alert,shakemap,",32,0.02461,0.14,71.0,mw,5.0,35.9492,-117.679,20,North America,United States of America (the),California,-420,2024,8,11
3.6,2024-08-10 13:34:46,1,2,4,Unknown,reviewed,0,200,us,",us,",",dyfi,origin,phase-data,shakemap,",25,0.283,0.09,44.0,mb_lg,0.739,31.7045,-101.712,28,North America,United States of America (the),Texas,-300,2024,8,10
3.6,2024-08-10 13:34:46,2,3,4,Unknown,reviewed,0,200,tx,",us,tx,",",dyfi,moment-tensor,origin,phase-data,shakemap,",23,0.1,0.1,63.0,ml,5.9326,31.704,-101.708,28,North America,United States of America (the),Texas,-300,2024,8,10
4.44,2024-08-08 02:09:15,760,4,6,green,reviewed,0,630,ci,",ew,ci,us,",",dyfi,focal-mechanism,losspager,moment-tensor,nearby-cities,origin,phase-data,scitech-link,shake-alert,shakemap,",99,0.04425,0.28,21.0,mw,11.57,35.1017,-119.071,22,North America,United States of America (the),California,-420,2024,8,8
3.78,2024-08-07 23:43:32,335,5,4,Unknown,reviewed,0,397,ci,",ew,ci,us,",",dyfi,focal-mechanism,moment-tensor,nearby-cities,origin,phase-data,scitech-link,shake-alert,shakemap,",68,0.05153,0.23,42.0,mw,12.24,35.111,-119.117,25,North America,United States of America (the),California,-420,2024,8,7
3.64,2024-08-07 10:39:19,21,4,4,Unknown,reviewed,0,213,ci,",us,ci,",",dyfi,focal-mechanism,moment-tensor,nearby-cities,origin,phase-data,scitech-link,shakemap,",69,0.06045,0.27,23.0,mw,12.96,35.107,-119.119,25,North America,United States of America (the),California,-420,2024,8,7
3.5,2024-08-07 06:52:28,3,2,4,Unknown,reviewed,0,189,ci,",us,ci,",",dyfi,focal-mechanism,moment-tensor,nearby-cities,origin,phase-data,scitech-link,shakemap,",95,0.04646,0.25,22.0,mw,12.06,35.1037,-119.101,24,North America,United States of America (the),California,-420,2024,8,7
3.44,2024-08-07 04:46:55,145,5,4,Unknown,reviewed,0,252,ci,",ci,us,",",dyfi,focal-mechanism,nearby-cities,origin,phase-data,scitech-link,shakemap,",75,0.04397,0.25,20.0,ml,12.85,35.0965,-119.109,24,North America,United States of America (the),California,-420,2024,8,7
3.58,2024-08-07 04:17:46,24,5,4,Unknown,reviewed,0,209,ci,",ci,us,",",dyfi,nearby-cities,origin,phase-data,scitech-link,shakemap,",44,0.03701,0.26,53.0,ml,10.17,35.097,-119.116,23,North America,United States of America (the),California,-420,2024,8,7
4.06,2024-08-07 04:17:10,267,5,5,green,reviewed,0,387,ci,",ci,us,",",dyfi,focal-mechanism,losspager,moment-tensor,nearby-cities,origin,phase-data,scitech-link,shakemap,",83,0.05247,0.29,22.0,mw,11.09,35.1085,-119.075,22,North America,United States of America (the),California,-420,2024,8,7
3.22,2024-08-07 04:12:12,3,2,3,Unknown,reviewed,0,160,ci,",us,ci,",",dyfi,nearby-cities,origin,phase-data,scitech-link,shakemap,",19,0.02978,0.2,160.0,ml,13.7,35.0813,-119.107,22,North America,United States of America (the),California,-420,2024,8,7
3.6,2024-08-07 04:12:11,3,2,4,Unknown,reviewed,0,200,us,",us,",",dyfi,origin,phase-data,shakemap,",17,0.537,0.41,54.0,ml,10.0,35.0708,-119.065,9,North America,United States of America (the),California,-420,2024,8,7
4.6,2024-08-07 04:10:44,252,4,5,green,reviewed,0,429,ci,",us,ci,",",dyfi,ground-failure,losspager,nearby-cities,origin,phase-data,scitech-link,shakemap,",49,0.05627,0.24,50.0,ml,11.98,35.111,-119.119,25,North America,United States of America (the),California,-420,2024,8,7
5.22,2024-08-07 04:09:56,10498,7,7,green,reviewed,1,1079,ci,",ew,us,ci,at,usauto,",",dyfi,focal-mechanism,ground-failure,impact-link,internal-moment-tensor,losspager,moment-tensor,nearby-cities,oaf,origin,phase-data,scitech-link,shake-alert,shakemap,",101,0.05144,0.26,21.0,mw,11.6,35.1108,-119.092,24,North America,United States of America (the),California,-420,2024,8,7
3.12,2024-08-04 14:10:14,45,4,2,Unknown,reviewed,0,167,ci,",ci,us,",",dyfi,nearby-cities,origin,phase-data,scitech-link,shakemap,",88,0.1959,0.27,151.0,ml,0.8,33.8177,-118.757,22,Unknown,United States of America (the),Unknown,-420,2024,8,4
3.3,2024-08-03 18:35:24,0,0,4,Unknown,reviewed,0,168,tx,",us,tx,",",origin,phase-data,shakemap,",46,0.1,0.1,57.0,ml,6.4075,31.673,-104.369,55,North America,United States of America (the),Texas,-300,2024,8,3
3.4,2024-08-03 17:24:28,0,0,4,Unknown,reviewed,0,178,tx,",us,tx,",",origin,phase-data,shakemap,",39,0.1,0.1,57.0,ml,6.2537,31.667,-104.365,56,North America,United States of America (the),Texas,-300,2024,8,3
3.5,2024-08-03 17:24:28,0,0,4,Unknown,reviewed,0,188,us,",us,",",origin,phase-data,shakemap,",33,0.1,0.3,107.0,ml,9.657,31.647,-104.386,58,North America,United States of America (the),Texas,-300,2024,8,3
3.51,2024-07-29 20:03:33,161,6,4,Unknown,reviewed,0,293,ci,",ci,us,",",dyfi,focal-mechanism,nearby-cities,origin,phase-data,scitech-link,shakemap,",56,0.1807,0.16,32.0,ml,2.84,34.9408,-116.799,22,North America,United States of America (the),California,-420,2024,7,29
4.89,2024-07-29 20:00:52,7873,6,5,green,reviewed,0,948,ci,",ew,ci,us,",",dyfi,focal-mechanism,losspager,moment-tensor,nearby-cities,origin,phase-data,scitech-link,shake-alert,shakemap,",53,0.1882,0.16,57.0,mw,7.26,34.9498,-116.79,22,North America,United States of America (the),California,-420,2024,7,29
4.47,2024-07-29 05:29:05,3666,6,5,green,reviewed,0,867,uu,",uu,us,",",dyfi,losspager,moment-tensor,origin,phase-data,shakemap,",31,0.1214,0.16,71.0,ml,19.57,37.4705,-112.848,24,North America,United States of America (the),Utah,-360,2024,7,29
4.5,2024-07-27 21:08:31,115,7,5,green,reviewed,0,387,tx,",us,tx,",",dyfi,losspager,moment-tensor,origin,phase-data,shakemap,",44,0.1,0.3,38.0,ml,3.4424,31.475,-103.952,13,North America,United States of America (the),Texas,-300,2024,7,27
3.45,2024-07-25 03:49:59,5,3,4,Unknown,reviewed,0,185,ci,",ci,us,",",dyfi,focal-mechanism,nearby-cities,origin,phase-data,scitech-link,shakemap,",92,0.07697,0.21,20.0,ml,3.22,33.2223,-116.045,12,North America,United States of America (the),California,-420,2024,7,25
3.4,2024-07-24 04:44:22,0,0,4,Unknown,reviewed,0,178,tx,",us,tx,",",moment-tensor,origin,phase-data,shakemap,",50,0.0,0.2,56.0,ml,5.4333,31.676,-104.41,55,North America,United States of America (the),Texas,-300,2024,7,24
4.4,2024-07-23 16:12:14,5,2,2,green,reviewed,1,299,us,",at,us,",",dyfi,impact-link,losspager,origin,phase-data,shakemap,",109,1.069,0.61,146.0,mb,10.0,50.622,-129.763,192,Unknown,Ocean/Offshore,Unknown,-540,2024,7,23
4.0,2024-07-23 02:31:04,9,4,4,green,reviewed,0,249,us,",us,",",dyfi,losspager,moment-tensor,origin,phase-data,shakemap,",20,0.11,0.51,110.0,mwr,6.757,31.6529,-104.373,57,North America,United States of America (the),Texas,-300,2024,7,23
4.2,2024-07-23 02:31:04,45,5,5,green,reviewed,0,293,tx,",us,tx,",",dyfi,losspager,moment-tensor,origin,phase-data,shakemap,",35,0.0,0.2,56.0,ml,5.5872,31.676,-104.407,55,North America,United States of America (the),Texas,-300,2024,7,23
3.56,2024-07-21 22:09:54,1242,4,4,Unknown,reviewed,0,575,ci,",ci,us,",",dyfi,focal-mechanism,nearby-cities,origin,phase-data,scitech-link,shakemap,",118,0.09,0.25,129.0,ml,11.6,33.8105,-118.468,8,North America,United States of America (the),California,-420,2024,7,21
3.48,2024-07-19 00:48:19,0,0,3,Unknown,reviewed,0,186,ci,",ci,us,",",nearby-cities,origin,phase-data,scitech-link,shakemap,",21,0.1937,0.18,63.0,ml,6.82,31.5693,-115.702,84,North America,Mexico,Estado de Baja California,-420,2024,7,19
3.5,2024-07-17 21:59:27,156,4,3,Unknown,reviewed,0,249,ci,",ci,us,",",dyfi,focal-mechanism,nearby-cities,origin,phase-data,scitech-link,shakemap,",130,0.07691,0.2,15.0,ml,13.7,33.197,-116.39,7,North America,United States of America (the),California,-420,2024,7,17
3.01,2024-07-13 20:31:48,109,4,3,Unknown,reviewed,0,184,ci,",ci,us,",",dyfi,focal-mechanism,nearby-cities,origin,phase-data,scitech-link,shakemap,",144,0.07935,0.18,17.0,ml,17.18,34.014,-117.019,3,North America,United States of America (the),California,-420,2024,7,13
3.48,2024-07-12 06:16:03,271,3,3,Unknown,reviewed,0,278,uw,",uw,us,",",dyfi,origin,phase-data,shakemap,",122,0.0745,0.12,46.0,ml,14.11,46.3818,-122.33,20,North America,United States of America (the),Washington,-420,2024,7,12
5.2,2024-07-11 16:17:20,5,3,3,green,reviewed,1,417,us,",at,us,usauto,",",dyfi,ground-failure,impact-link,internal-moment-tensor,losspager,moment-tensor,origin,phase-data,shakemap,",40,0.995,0.99,98.0,mww,10.0,48.9111,-128.445,200,Unknown,Ocean/Offshore,Unknown,-540,2024,7,11
6.4,2024-07-11 15:08:47,79,3,4,green,reviewed,1,657,us,",usauto,ew,us,at,pt,",",associate,dyfi,general-link,ground-failure,impact-link,internal-moment-tensor,losspager,moment-tensor,oaf,origin,phase-data,shake-alert,shakemap,",95,0.882,0.94,76.0,mww,10.0,48.8127,-128.725,210,Unknown,Ocean/Offshore,Unknown,-540,2024,7,11
3.3,2024-07-08 21:19:30,0,0,3,Unknown,reviewed,0,168,nn,",nc,nn,us,",",focal-mechanism,moment-tensor,origin,phase-data,shakemap,",13,0.21,0.2364,78.03,ml,5.1,38.2302,-118.798,34,North America,United States of America (the),Nevada,-420,2024,7,8
3.2,2024-07-08 21:15:21,1,2,3,Unknown,reviewed,0,158,nn,",nn,nc,us,",",dyfi,focal-mechanism,origin,phase-data,shakemap,",15,0.179,0.179,69.02,ml,7.4,38.2323,-118.798,33,North America,United States of America (the),Nevada,-420,2024,7,8
3.44,2024-07-08 21:00:44,2,3,3,Unknown,reviewed,0,183,uu,",uu,us,",",dyfi,moment-tensor,origin,phase-data,shakemap,",37,0.1462,0.17,48.0,ml,5.43,39.0397,-111.534,17,North America,United States of America (the),Utah,-360,2024,7,8
3.9,2024-07-07 00:47:25,1,3,4,Unknown,reviewed,0,234,us,",ew,us,ci,",",dyfi,moment-tensor,nearby-cities,origin,phase-data,scitech-link,shakemap,",82,0.209,1.04,52.0,mwr,10.0,31.5604,-115.544,67,North America,Mexico,Estado de Baja California,-420,2024,7,7
3.8,2024-07-06 11:14:53,0,0,4,Unknown,reviewed,0,222,nn,",nc,nn,us,ew,",",focal-mechanism,moment-tensor,origin,phase-data,shake-alert,shakemap,",17,0.181,0.191,65.83,ml,5.8,38.2737,-118.765,32,North America,United States of America (the),Nevada,-420,2024,7,6
3.8,2024-07-05 10:46:40,131,4,4,Unknown,reviewed,0,269,us,",us,mb,",",dyfi,moment-tensor,origin,phase-data,shakemap,",90,0.201,0.73,41.0,mwr,22.0,47.2889,-113.214,24,North America,United States of America (the),Montana,-360,2024,7,5
5.7,2024-07-04 16:15:08,11,3,3,green,reviewed,1,503,us,",us,at,usauto,pt,",",dyfi,impact-link,internal-moment-tensor,internal-origin,losspager,moment-tensor,origin,phase-data,shakemap,",84,0.733,1.02,76.0,mww,10.0,48.6926,-129.003,233,Unknown,Ocean/Offshore,Unknown,-540,2024,7,4
3.5,2024-07-03 00:04:35,0,0,4,Unknown,reviewed,0,188,tx,",us,tx,",",moment-tensor,origin,phase-data,shakemap,",32,0.1,0.1,62.0,ml,5.4077,31.666,-104.192,54,North America,United States of America (the),Texas,-300,2024,7,3
3.5,2024-07-03 00:04:35,0,0,4,Unknown,reviewed,0,188,us,",us,",",origin,phase-data,shakemap,",29,0.224,0.34,107.0,ml,10.052,31.6677,-104.195,54,North America,United States of America (the),Texas,-300,2024,7,3
3.7,2024-07-02 23:39:59,0,0,4,Unknown,reviewed,0,211,tx,",us,tx,",",moment-tensor,origin,phase-data,shakemap,",32,0.1,0.1,61.0,ml,5.946,31.669,-104.195,54,North America,United States of America (the),Texas,-300,2024,7,2
3.8,2024-07-02 23:39:59,0,0,4,Unknown,reviewed,0,222,us,",us,",",origin,phase-data,shakemap,",29,0.231,0.3,112.0,ml,8.828,31.6757,-104.202,55,North America,United States of America (the),Texas,-300,2024,7,2
3.01,2024-07-02 08:31:57,115,4,3,Unknown,reviewed,0,189,ci,",ci,us,",",dyfi,focal-mechanism,nearby-cities,origin,phase-data,scitech-link,shakemap,",91,0.03972,0.27,121.0,ml,16.77,34.0745,-119.009,15,North America,United States of America (the),California,-420,2024,7,2
3.5,2024-06-30 05:17:44,0,0,3,Unknown,reviewed,0,188,nn,",nn,us,",",moment-tensor,origin,phase-data,shakemap,",9,0.95,0.1281,49.84,ml,7.5,39.3885,-116.636,33,North America,United States of America (the),Nevada,-420,2024,6,30
4.1,2024-06-29 23:35:33,10,3,3,green,reviewed,0,262,nn,",nn,us,",",dyfi,losspager,moment-tensor,origin,phase-data,shakemap,",8,0.962,0.1941,94.69,ml,7.6,39.52,-116.533,35,North America,United States of America (the),Nevada,-420,2024,6,29
5.4,2024-09-11 07:27:59,102,8,6,green,reviewed,0,534,us,",us,",",dyfi,losspager,moment-tensor,origin,phase-data,shakemap,",102,3.326,1.13,51.0,mb,10.0,31.1773,70.6295,31,Asia,Pakistan,Punjab,300,2024,9,11
5.4,2024-08-29 05:56:40,6,4,4,green,reviewed,0,451,us,",us,usauto,",",dyfi,internal-moment-tensor,losspager,moment-tensor,origin,phase-data,shakemap,",110,2.669,0.75,34.0,mb,224.338,36.543,71.2681,28,Asia,Afghanistan,Badakhshan,270,2024,8,29
5.9,2024-06-01 00:46:38,0,0,7,green,reviewed,0,536,us,",usauto,pt,us,",",internal-moment-tensor,internal-origin,losspager,moment-tensor,origin,phase-data,shakemap,",318,6.024,0.52,20.0,mww,20.71,34.1604,86.3895,0,Asia,China,Tibet Autonomous Region,480,2024,6,1
5.4,2024-05-29 13:13:27,24,4,4,green,reviewed,0,458,us,",us,usauto,",",dyfi,internal-moment-tensor,losspager,moment-tensor,origin,phase-data,shakemap,",180,2.322,0.61,26.0,mww,97.552,23.539,94.6946,29,Asia,Myanmar,Sagaing Region,390,2024,5,29
5.1,2024-05-20 05:10:23,2,3,5,green,reviewed,0,401,us,",us,usauto,",",dyfi,ground-failure,internal-moment-tensor,losspager,moment-tensor,origin,phase-data,shakemap,",176,1.34,0.68,70.0,mww,29.068,40.14,77.0348,113,Asia,China,Xinjiang Uyghur Autonomous Region,480,2024,5,20
5.5,2024-04-13 05:44:39,0,0,7,green,reviewed,0,465,us,",us,",",losspager,moment-tensor,origin,phase-data,shakemap,",209,6.438,0.59,25.0,mww,10.0,33.5485,81.8909,0,Asia,China,Tibet Autonomous Region,480,2024,4,13
5.4,2024-04-10 14:56:17,0,0,6,green,reviewed,0,449,us,",us,usauto,",",ground-failure,internal-moment-tensor,losspager,moment-tensor,origin,phase-data,shakemap,",278,2.696,0.44,25.0,mww,8.0,42.0113,82.6416,34,Asia,China,Xinjiang Uyghur Autonomous Region,480,2024,4,10
5.7,2024-04-05 12:45:38,29,5,5,green,reviewed,0,513,us,",us,at,",",dyfi,internal-origin,losspager,origin,phase-data,shakemap,",157,5.571,0.71,22.0,mb,69.136,26.5566,97.0128,33,Asia,Myanmar,Kachin State,390,2024,4,5
5.6,2024-03-07 10:06:30,0,0,7,yellow,reviewed,0,650,us,",us,",",ground-failure,losspager,moment-tensor,origin,phase-data,shakemap,",179,4.142,0.57,26.0,mww,10.0,33.5147,92.9795,244,Asia,China,Qinghai Sheng,480,2024,3,7
5.4,2024-03-05 02:07:32,0,0,7,yellow,reviewed,0,650,us,",us,",",ground-failure,losspager,origin,phase-data,shakemap,",114,8.749,0.46,26.0,mww,10.0,33.5068,93.0029,240,Asia,China,Qinghai Sheng,480,2024,3,5
5.4,2024-02-25 04:15:00,14,4,6,green,reviewed,0,455,us,",us,usauto,pt,",",dyfi,internal-moment-tensor,internal-origin,losspager,moment-tensor,origin,phase-data,shakemap,",133,0.592,0.7,30.0,mww,10.0,41.1648,78.4389,130,Asia,China,Xinjiang Uyghur Autonomous Region,480,2024,2,25
5.7,2024-01-29 22:27:41,10,3,7,yellow,reviewed,0,653,us,",us,usauto,pt,",",dyfi,ground-failure,internal-moment-tensor,internal-origin,losspager,moment-tensor,origin,phase-data,shakemap,",326,0.821,0.56,24.0,mww,10.0,41.1867,78.7155,128,Asia,China,Xinjiang Uyghur Autonomous Region,480,2024,1,29
5.3,2024-01-23 01:18:40,2,4,7,green,reviewed,0,433,us,",us,",",dyfi,losspager,moment-tensor,origin,phase-data,shakemap,",100,0.348,0.61,47.0,mww,3.426,41.2706,78.8219,119,Asia,China,Xinjiang Uyghur Autonomous Region,480,2024,1,23
5.1,2024-01-22 23:19:25,4,4,6,green,reviewed,0,402,us,",us,",",dyfi,ground-failure,losspager,moment-tensor,origin,phase-data,shakemap,",233,0.367,0.48,23.0,mwr,7.148,41.2186,78.724,121,Asia,China,Xinjiang Uyghur Autonomous Region,480,2024,1,22
5.5,2024-01-22 19:36:47,2,5,7,green,reviewed,0,466,us,",us,",",dyfi,losspager,origin,phase-data,shakemap,",133,0.432,0.65,59.0,mb,10.0,41.1979,78.6168,128,Asia,China,Xinjiang Uyghur Autonomous Region,480,2024,1,22
5.4,2024-01-22 18:42:33,3,4,6,green,reviewed,0,450,us,",us,",",dyfi,losspager,origin,phase-data,shakemap,",99,0.382,0.63,75.0,mb,10.0,41.3326,78.7686,124,Asia,China,Xinjiang Uyghur Autonomous Region,480,2024,1,22
5.8,2024-01-22 18:14:16,2,8,7,yellow,reviewed,0,652,us,",us,",",dyfi,ground-failure,losspager,origin,phase-data,shakemap,",142,0.454,0.53,59.0,mb,10.0,41.2946,78.6076,129,Asia,China,Xinjiang Uyghur Autonomous Region,480,2024,1,22
7.0,2024-01-22 18:09:04,482,9,9,red,reviewed,0,2419,us,",us,usauto,pt,at,",",dyfi,finite-fault,general-text,ground-failure,impact-text,internal-moment-tensor,internal-origin,losspager,moment-tensor,origin,phase-data,shakemap,",121,0.428,0.64,29.0,mww,13.0,41.2938,78.5937,128,Asia,China,Xinjiang Uyghur Autonomous Region,480,2024,1,22
6.4,2024-01-11 09:20:26,111,5,4,green,reviewed,0,687,us,",us,usauto,pt,at,",",dyfi,ground-failure,impact-text,internal-moment-tensor,internal-origin,losspager,moment-tensor,origin,phase-data,shakemap,",140,3.122,1.02,17.0,mww,204.0,36.5061,70.5994,45,Asia,Afghanistan,Badakhshan,270,2024,1,11
5.1,2023-12-18 10:18:52,8,5,6,green,reviewed,0,404,us,",us,usauto,",",dyfi,internal-moment-tensor,losspager,moment-tensor,origin,phase-data,shakemap,",119,3.023,0.97,32.0,mww,10.0,33.2109,76.7733,31,Asia,India,Himachal Pradesh,330,2023,12,18
5.5,2023-12-02 03:35:33,275,6,5,yellow,reviewed,0,807,us,",us,usauto,",",dyfi,ground-failure,impact-text,internal-moment-tensor,losspager,moment-tensor,origin,phase-data,shakemap,",118,0.806,0.6,35.0,mww,45.057,23.1278,90.927,9,Asia,Bangladesh,Chittagong,360,2023,12,2
5.2,2023-12-01 14:55:56,1,3,6,green,reviewed,0,416,us,",us,",",dyfi,losspager,origin,phase-data,shakemap,",98,6.056,0.6,37.0,mww,10.0,39.2438,97.2769,74,Asia,China,Gansu Sheng,480,2023,12,1
5.7,2023-11-17 01:37:11,69,7,7,green,reviewed,0,551,us,",us,usauto,pt,",",dyfi,impact-text,internal-moment-tensor,internal-origin,losspager,moment-tensor,origin,phase-data,shakemap,",117,0.251,0.84,45.0,mww,15.733,21.226,99.333,76,Asia,Myanmar,Shan State,390,2023,11,17
5.3,2023-11-07 18:09:48,1,3,7,green,reviewed,0,432,us,",us,usauto,",",dyfi,earthquake-name,internal-moment-tensor,losspager,moment-tensor,origin,phase-data,shakemap,",267,1.205,0.63,24.0,mww,7.204,40.5164,77.7055,0,Asia,China,Xinjiang Uyghur Autonomous Region,480,2023,11,7
5.7,2023-11-03 18:02:53,372,7,8,yellow,reviewed,0,922,us,",us,usauto,pt,at,",",dyfi,ground-failure,impact-text,internal-moment-tensor,internal-origin,losspager,moment-tensor,origin,phase-data,shakemap,",232,2.95,0.94,21.0,mww,12.0,28.8879,82.195,43,Asia,Nepal,Karnali,345,2023,11,3
5.4,2023-10-24 11:32:13,2,4,7,green,reviewed,0,449,us,",us,usauto,",",dyfi,internal-moment-tensor,losspager,moment-tensor,origin,phase-data,shakemap,",211,6.068,0.46,29.0,mww,10.0,39.2654,97.3075,71,Asia,China,Gansu Sheng,480,2023,10,24
5.2,2023-10-22 01:54:21,87,4,5,green,reviewed,0,453,us,",us,",",dyfi,impact-text,losspager,origin,phase-data,shakemap,",101,1.848,0.82,29.0,mb,25.706,27.8679,84.7191,36,Asia,Nepal,Gandaki,345,2023,10,22
5.7,2023-10-03 09:21:03,131,8,7,green,reviewed,0,605,us,",us,usauto,pt,",",dyfi,ground-failure,impact-text,internal-moment-tensor,internal-origin,losspager,moment-tensor,origin,phase-data,shakemap,",226,3.93,0.33,23.0,mww,13.0,29.5163,81.2118,39,Asia,Nepal,Sudurpashchim,345,2023,10,3
4.9,2023-10-02 12:45:15,69,7,6,green,reviewed,0,416,us,",us,",",dyfi,ground-failure,losspager,origin,phase-data,shakemap,",119,3.799,0.6,36.0,mww,10.0,25.9591,90.6152,28,Asia,India,Assam,330,2023,10,2
5.3,2023-08-14 14:49:48,163,6,5,green,reviewed,0,535,us,",us,usauto,at,",",dyfi,ground-failure,internal-moment-tensor,internal-origin,losspager,origin,phase-data,shakemap,",153,2.358,0.75,16.0,mww,36.648,24.9743,92.2176,16,Asia,Bangladesh,Sylhet Division,360,2023,8,14
5.8,2023-08-05 16:01:49,25,5,4,green,reviewed,0,531,us,",us,usauto,",",dyfi,internal-moment-tensor,losspager,moment-tensor,origin,phase-data,shakemap,",211,2.347,0.88,15.0,mww,209.0,36.4512,70.7023,47,Asia,Afghanistan,Badakhshan,270,2023,8,5
5.5,2024-09-16 14:13:47,5,5,5,green,reviewed,0,468,us,",us,usauto,",",dyfi,internal-moment-tensor,losspager,moment-tensor,origin,phase-data,shakemap,",101,1.154,1.27,57.0,mww,15.711,31.6412,131.796,40,Unknown,Ocean/Offshore,Unknown,540,2024,9,16
5.7,2024-09-13 23:03:41,5,3,4,green,reviewed,0,502,us,",us,usauto,pt,",",dyfi,internal-moment-tensor,internal-origin,losspager,moment-tensor,origin,phase-data,shakemap,",166,1.739,0.75,39.0,mww,28.953,29.7999,130.855,57,Unknown,Ocean/Offshore,Unknown,540,2024,9,13
6.1,2024-08-15 23:35:53,60,5,6,green,reviewed,0,601,us,",us,usauto,at,pt,",",dyfi,ground-failure,impact-text,internal-moment-tensor,internal-origin,losspager,moment-tensor,origin,phase-data,shakemap,",144,0.451,0.6,17.0,mww,14.0,23.784,121.759,30,Asia,Taiwan (Province of China),Unknown,480,2024,8,15
5.4,2024-08-15 09:06:45,54,5,5,green,reviewed,0,476,us,",us,usauto,",",dyfi,internal-moment-tensor,losspager,origin,phase-data,shakemap,",106,0.358,0.77,34.0,mww,11.732,24.3858,121.917,45,Asia,Taiwan (Province of China),Unknown,480,2024,8,15
6.5,2024-08-10 03:28:32,6,3,3,green,reviewed,1,652,us,",at,us,pt,usauto,",",associate,dyfi,ground-failure,impact-link,internal-moment-tensor,internal-origin,losspager,moment-tensor,origin,phase-data,shakemap,",157,1.405,0.75,17.0,mww,402.166,47.1777,144.763,151,Unknown,Ocean/Offshore,Unknown,600,2024,8,10
5.3,2024-08-08 19:23:31,1,2,5,green,reviewed,0,432,us,",us,",",dyfi,losspager,moment-tensor,origin,phase-data,shakemap,",116,5.601,0.87,85.0,mww,18.196,31.8881,131.341,15,Asia,Japan,Miyazaki,540,2024,8,8
7.1,2024-08-08 07:42:55,43,8,8,yellow,reviewed,0,810,us,",us,pt,at,usauto,",",associate,dyfi,earthquake-name,finite-fault,general-text,ground-failure,impact-text,internal-moment-tensor,losspager,moment-tensor,origin,phase-data,shakemap,",252,5.748,0.74,34.0,mww,24.0,31.7491,131.482,0,Asia,Japan,Miyazaki,540,2024,8,8
5.6,2024-07-18 11:07:34,6,3,4,green,reviewed,0,484,us,",us,usauto,pt,",",dyfi,internal-moment-tensor,internal-origin,losspager,moment-tensor,origin,phase-data,shakemap,",157,0.628,1.17,30.0,mww,91.0,33.536,140.175,161,Unknown,Ocean/Offshore,Unknown,540,2024,7,18
5.4,2024-06-25 08:30:59,1,2,3,green,reviewed,0,449,us,",us,usauto,",",dyfi,internal-moment-tensor,losspager,moment-tensor,origin,phase-data,shakemap,",137,1.325,1.01,30.0,mww,34.723,33.4887,141.284,206,Unknown,Ocean/Offshore,Unknown,540,2024,6,25
5.7,2024-06-02 21:31:39,29,7,7,green,reviewed,0,519,us,",us,usauto,pt,at,",",dyfi,impact-text,internal-moment-tensor,internal-origin,losspager,moment-tensor,origin,phase-data,shakemap,",319,1.171,0.53,37.0,mww,9.0,37.4574,137.239,40,Asia,Japan,Ishikawa,540,2024,6,2
5.5,2024-05-29 17:14:58,4,3,3,green,reviewed,0,466,us,",us,usauto,",",dyfi,internal-moment-tensor,losspager,moment-tensor,origin,phase-data,shakemap,",173,2.036,0.69,20.0,mww,392.698,32.2768,137.61,210,Unknown,Ocean/Offshore,Unknown,540,2024,5,29
5.4,2024-05-21 00:39:39,0,0,4,green,reviewed,0,449,us,",usauto,us,",",internal-moment-tensor,losspager,origin,phase-data,shakemap,",297,1.08,1.09,15.0,mww,59.788,26.1835,141.391,0,Unknown,Ocean/Offshore,Unknown,540,2024,5,21
5.8,2024-05-10 07:45:18,24,5,6,green,reviewed,0,529,us,",us,usauto,at,pt,",",dyfi,internal-moment-tensor,internal-origin,losspager,moment-tensor,origin,phase-data,shakemap,",103,0.68,0.77,27.0,mww,11.296,24.191,121.899,38,Asia,Taiwan (Province of China),Unknown,480,2024,5,10
5.2,2024-05-06 09:52:45,30,8,5,green,reviewed,0,440,us,",us,",",dyfi,losspager,moment-tensor,origin,phase-data,shakemap,",124,0.413,0.97,35.0,mww,28.949,23.7143,121.588,27,Asia,Taiwan (Province of China),Unknown,480,2024,5,6
5.6,2024-05-06 09:45:30,36,6,6,green,reviewed,0,502,us,",us,usauto,pt,",",dyfi,internal-moment-tensor,internal-origin,losspager,moment-tensor,origin,phase-data,shakemap,",121,0.427,0.84,35.0,mww,23.605,23.7257,121.581,28,Asia,Taiwan (Province of China),Unknown,480,2024,5,6
5.2,2024-04-26 18:49:29,26,5,4,green,reviewed,0,430,us,",us,usauto,",",dyfi,internal-moment-tensor,losspager,moment-tensor,origin,phase-data,shakemap,",252,0.506,0.76,21.0,mww,40.475,24.2257,121.706,29,Asia,Taiwan (Province of China),Hualien,480,2024,4,26
5.7,2024-04-26 18:21:23,150,5,5,green,reviewed,0,581,us,",us,usauto,",",dyfi,internal-moment-tensor,losspager,moment-tensor,origin,phase-data,shakemap,",259,0.581,0.54,22.0,mww,37.767,24.1449,121.674,20,Asia,Taiwan (Province of China),Unknown,480,2024,4,26
5.3,2024-04-24 07:22:10,0,0,3,green,reviewed,0,432,us,",usauto,us,",",internal-moment-tensor,losspager,moment-tensor,origin,phase-data,shakemap,",140,1.676,0.84,28.0,mww,10.0,28.7699,142.53,0,Unknown,Ocean/Offshore,Unknown,600,2024,4,24
5.8,2024-04-23 00:04:05,10,8,6,green,reviewed,0,525,us,",us,usauto,pt,",",dyfi,internal-moment-tensor,internal-origin,losspager,moment-tensor,origin,phase-data,shakemap,",275,0.513,0.72,24.0,mww,12.0,23.8026,121.676,22,Asia,Taiwan (Province of China),Unknown,480,2024,4,23
5.4,2024-04-22 21:31:38,0,0,6,green,reviewed,0,449,us,",usauto,us,",",internal-moment-tensor,losspager,moment-tensor,origin,phase-data,shakemap,",209,0.503,0.67,35.0,mww,8.991,23.808,121.634,22,Asia,Taiwan (Province of China),Unknown,480,2024,4,22
5.4,2024-04-22 21:04:21,0,0,5,green,reviewed,0,449,us,",us,",",losspager,moment-tensor,origin,phase-data,shakemap,",223,0.38,0.63,35.0,mww,5.83,23.698,121.574,35,Asia,Taiwan (Province of China),Unknown,480,2024,4,22
5.5,2024-04-22 20:49:57,2,3,6,green,reviewed,0,466,us,",us,usauto,",",dyfi,internal-moment-tensor,losspager,moment-tensor,origin,phase-data,shakemap,",115,0.392,0.67,67.0,mww,17.0,23.6512,121.606,35,Asia,Taiwan (Province of China),Unknown,480,2024,4,22
6.1,2024-04-22 18:32:48,82,7,8,yellow,reviewed,0,711,us,",us,",",dyfi,ground-failure,impact-text,losspager,moment-tensor,origin,phase-data,shakemap,",120,0.526,0.65,22.0,mww,10.0,23.8672,121.538,13,Asia,Taiwan (Province of China),Hualien,480,2024,4,22
6.1,2024-04-22 18:26:52,66,7,7,green,reviewed,1,621,us,",us,pt,at,usauto,",",dyfi,ground-failure,impact-link,internal-moment-tensor,internal-origin,losspager,moment-tensor,origin,phase-data,shakemap,",119,0.462,0.76,35.0,mww,9.0,23.7241,121.641,29,Asia,Taiwan (Province of China),Unknown,480,2024,4,22
5.8,2024-04-22 14:11:22,77,5,6,green,reviewed,0,556,us,",us,usauto,pt,",",dyfi,internal-moment-tensor,internal-origin,losspager,moment-tensor,origin,phase-data,shakemap,",121,0.42,0.74,44.0,mww,8.0,23.7288,121.562,27,Asia,Taiwan (Province of China),Hualien,480,2024,4,22
5.6,2024-04-22 10:50:30,22,5,6,green,reviewed,0,493,us,",us,",",dyfi,losspager,moment-tensor,origin,phase-data,shakemap,",97,0.435,0.87,35.0,mww,10.0,23.7158,121.63,30,Asia,Taiwan (Province of China),Unknown,480,2024,4,22
5.0,2024-04-22 10:49:06,0,0,6,green,reviewed,0,385,us,",us,",",losspager,origin,phase-data,shakemap,",53,0.454,1.27,73.0,mb,10.0,23.7229,121.638,28,Asia,Taiwan (Province of China),Unknown,480,2024,4,22
6.3,2024-04-17 14:14:46,101,8,8,yellow,reviewed,0,731,us,",us,usauto,at,pt,",",dyfi,ground-failure,impact-text,internal-moment-tensor,internal-origin,losspager,moment-tensor,origin,phase-data,shakemap,",386,1.351,0.81,29.0,mww,32.0,33.1621,132.387,18,Asia,Japan,Ehime,540,2024,4,17
5.9,2024-04-15 22:38:56,2,2,4,green,reviewed,0,536,us,",us,usauto,at,pt,",",dyfi,internal-moment-tensor,internal-origin,losspager,moment-tensor,origin,phase-data,shakemap,",293,2.352,0.49,30.0,mww,7.556,29.4708,131.736,147,Asia,Ocean/Offshore,Unknown,540,2024,4,15
5.4,2024-04-06 00:12:17,0,0,3,green,reviewed,0,449,us,",usauto,us,",",internal-moment-tensor,losspager,moment-tensor,origin,phase-data,shakemap,",144,1.138,0.46,48.0,mww,26.386,40.9054,143.213,141,Asia,Ocean/Offshore,Unknown,600,2024,4,6
6.1,2024-04-04 03:16:30,32,4,4,green,reviewed,0,586,us,",us,usauto,at,pt,",",dyfi,ground-failure,internal-moment-tensor,internal-origin,losspager,moment-tensor,origin,phase-data,shakemap,",304,2.7,0.64,59.0,mww,29.0,37.7196,141.924,77,Asia,Ocean/Offshore,Unknown,540,2024,4,4
5.7,2024-04-03 02:14:36,6,6,5,green,reviewed,0,503,us,",us,",",dyfi,losspager,moment-tensor,origin,phase-data,shakemap,",131,0.694,0.78,24.0,mwr,41.798,24.1954,121.932,41,Asia,Taiwan (Province of China),Unknown,480,2024,4,3
5.7,2024-04-03 01:39:47,2,3,5,green,reviewed,0,500,us,",us,",",dyfi,losspager,moment-tensor,origin,phase-data,shakemap,",63,0.595,0.62,67.0,mwr,26.363,23.7873,121.784,27,Asia,Taiwan (Province of China),Unknown,480,2024,4,3
5.3,2024-04-03 01:39:35,0,1,5,green,reviewed,0,432,us,",us,",",dyfi,losspager,origin,phase-data,shakemap,",99,0.606,0.69,41.0,mb,16.869,23.8555,121.803,28,Asia,Taiwan (Province of China),Unknown,480,2024,4,3
5.6,2024-04-03 00:46:44,0,0,6,green,reviewed,0,482,us,",us,",",losspager,origin,phase-data,shakemap,",135,0.591,0.72,27.0,mww,14.297,24.1465,121.743,24,Asia,Taiwan (Province of China),Unknown,480,2024,4,3
5.3,2024-04-03 00:43:55,0,0,6,green,reviewed,0,432,us,",us,",",losspager,origin,phase-data,shakemap,",109,0.619,0.7,52.0,mb,10.789,23.9598,121.595,2,Asia,Taiwan (Province of China),Hualien,480,2024,4,3
5.6,2024-04-03 00:35:36,2,7,6,green,reviewed,0,484,us,",us,",",dyfi,losspager,origin,phase-data,shakemap,",115,0.594,0.69,49.0,mb,15.864,24.1609,121.71,21,Asia,Taiwan (Province of China),Unknown,480,2024,4,3
6.4,2024-04-03 00:11:25,49,8,7,green,reviewed,0,667,us,",us,",",dyfi,ground-failure,impact-text,losspager,origin,phase-data,shakemap,",183,0.63,0.77,50.0,mww,13.931,24.0651,121.673,15,Asia,Taiwan (Province of China),Unknown,480,2024,4,3
7.4,2024-04-02 23:58:12,638,9,8,yellow,reviewed,1,1423,us,",pt,us,pt,at,pt,usauto,",",associate,dyfi,finite-fault,general-link,general-text,ground-failure,impact-link,impact-text,internal-moment-tensor,internal-origin,losspager,moment-tensor,origin,phase-data,shakemap,",322,0.337,0.93,17.0,mww,40.0,23.819,121.562,15,Asia,Taiwan (Province of China),Hualien,480,2024,4,2
5.9,2024-04-01 19:24:36,15,7,5,green,reviewed,0,546,us,",us,usauto,pt,at,",",dyfi,impact-text,internal-moment-tensor,internal-origin,losspager,moment-tensor,origin,phase-data,shakemap,",147,0.806,0.98,29.0,mww,73.0,40.1385,141.706,7,Asia,Japan,Iwate,540,2024,4,1
5.3,2024-03-18 11:04:41,0,0,3,green,reviewed,0,432,us,",usauto,us,",",internal-moment-tensor,losspager,moment-tensor,origin,phase-data,shakemap,",119,2.896,1.09,25.0,mww,35.0,24.3178,142.875,0,Unknown,Ocean/Offshore,Unknown,600,2024,3,18
5.6,2024-03-15 10:32:50,2,5,6,green,reviewed,0,483,us,",us,usauto,",",dyfi,internal-moment-tensor,losspager,moment-tensor,origin,phase-data,shakemap,",238,2.264,0.51,78.0,mww,20.0,28.4231,130.134,49,Asia,Japan,Kagoshima,540,2024,3,15
5.6,2024-03-14 15:14:35,35,6,4,green,reviewed,0,504,us,",us,usauto,",",dyfi,internal-moment-tensor,losspager,moment-tensor,origin,phase-data,shakemap,",122,2.4,0.78,71.0,mww,44.0,37.1035,141.143,21,Asia,Japan,Fukushima,540,2024,3,14
5.4,2024-01-26 12:46:16,0,0,3,green,reviewed,0,449,us,",usauto,us,",",internal-moment-tensor,losspager,moment-tensor,origin,phase-data,shakemap,",191,2.096,0.58,29.0,mww,45.09,29.1913,141.553,0,Unknown,Ocean/Offshore,Unknown,540,2024,1,26
5.9,2024-01-09 08:59:10,14,4,5,green,reviewed,0,542,us,",us,usauto,pt,at,",",dyfi,internal-moment-tensor,internal-origin,losspager,moment-tensor,origin,phase-data,shakemap,",147,0.416,0.88,24.0,mww,10.0,37.8706,137.708,53,Asia,Japan,Niigata-ken,540,2024,1,9
5.4,2024-01-02 01:17:31,1,2,7,green,reviewed,0,449,us,",us,usauto,",",dyfi,internal-moment-tensor,losspager,moment-tensor,origin,phase-data,shakemap,",619,1.347,0.48,26.0,mww,6.0,37.2326,136.788,11,Asia,Japan,Ishikawa,540,2024,1,2
5.6,2024-01-01 09:08:17,0,0,7,green,reviewed,0,482,us,",us,",",losspager,origin,phase-data,shakemap,",146,0.856,0.71,50.0,mb,10.0,37.5249,137.408,54,Asia,Japan,Ishikawa,540,2024,1,1
5.5,2024-01-01 09:03:48,1,6,6,green,reviewed,0,466,us,",us,",",dyfi,losspager,origin,phase-data,shakemap,",130,0.835,0.73,43.0,mb,10.0,37.5575,137.384,56,Asia,Japan,Ishikawa,540,2024,1,1
5.6,2024-01-01 07:56:47,0,0,7,green,reviewed,0,482,us,",us,",",losspager,origin,phase-data,shakemap,",148,1.296,0.52,67.0,mww,10.0,37.2969,136.946,7,Asia,Japan,Ishikawa,540,2024,1,1
6.2,2024-01-01 07:18:41,5,9,7,green,reviewed,0,596,us,",us,",",dyfi,ground-failure,losspager,origin,phase-data,shakemap,",185,1.278,0.4,32.0,mb,10.0,37.1959,136.87,8,Asia,Japan,Ishikawa,540,2024,1,1
7.5,2024-01-01 07:10:09,413,9,9,red,reviewed,1,2368,us,",pt,at,us,",",dyfi,earthquake-name,finite-fault,general-text,ground-failure,impact-link,impact-text,internal-origin,losspager,moment-tensor,origin,phase-data,shakemap,",282,0.957,0.55,36.0,mww,10.0,37.4976,137.242,0,Asia,Japan,Ishikawa,540,2024,1,1
5.8,2024-01-01 07:06:05,1,4,7,green,reviewed,0,518,us,",us,pt,",",dyfi,impact-text,internal-origin,losspager,origin,phase-data,shakemap,",279,0.968,0.47,53.0,mb,10.0,37.5067,137.239,42,Asia,Japan,Ishikawa,540,2024,1,1
6.5,2023-12-28 09:15:16,3,6,5,green,reviewed,0,652,us,",us,pt,at,",",dyfi,ground-failure,internal-origin,losspager,moment-tensor,origin,phase-data,shakemap,",156,4.647,0.9,34.0,mww,31.0,44.5796,148.99,115,Asia,Ocean/Offshore,Unknown,600,2023,12,28
5.8,2023-11-19 21:01:30,11,4,4,green,reviewed,0,522,us,",us,usauto,pt,",",dyfi,ground-failure,internal-moment-tensor,internal-origin,losspager,moment-tensor,origin,phase-data,shakemap,",315,0.977,0.56,54.0,mww,42.0,41.168,142.247,82,Asia,Ocean/Offshore,Unknown,540,2023,11,19
5.8,2023-11-10 10:10:02,1,3,4,green,reviewed,0,518,us,",us,usauto,pt,",",dyfi,internal-moment-tensor,internal-origin,losspager,moment-tensor,origin,phase-data,shakemap,",261,5.875,0.65,37.0,mww,84.0,45.9031,151.003,262,Asia,Ocean/Offshore,Unknown,600,2023,11,10
5.6,2023-11-08 08:16:30,0,0,4,green,reviewed,0,482,us,",us,",",losspager,origin,phase-data,shakemap,",126,5.173,0.83,96.0,mb,77.731,44.9541,149.755,148,Asia,Ocean/Offshore,Unknown,600,2023,11,8
5.9,2023-10-23 23:05:24,51,6,4,green,reviewed,0,565,us,",us,usauto,",",dyfi,internal-moment-tensor,losspager,moment-tensor,origin,phase-data,shakemap,",240,0.544,0.6,35.0,mww,31.0,24.0602,122.646,59,Unknown,Ocean/Offshore,Unknown,480,2023,10,23
5.7,2023-10-16 10:42:10,0,0,4,green,reviewed,0,500,us,",usauto,pt,us,",",internal-moment-tensor,internal-origin,losspager,moment-tensor,origin,phase-data,shakemap,",129,1.431,0.87,32.0,mww,13.261,25.1583,125.542,46,Unknown,Ocean/Offshore,Unknown,480,2023,10,16
5.3,2023-10-08 21:17:28,1,1,3,green,reviewed,0,432,us,",us,",",dyfi,losspager,origin,phase-data,shakemap,",190,5.149,0.68,53.0,mb,10.0,29.7869,140.026,0,Unknown,Ocean/Offshore,Unknown,540,2023,10,8
5.4,2023-10-08 21:05:32,0,0,3,green,reviewed,0,449,us,",us,",",losspager,origin,phase-data,shakemap,",244,5.127,0.54,48.0,mb,10.0,29.758,140.021,0,Unknown,Ocean/Offshore,Unknown,540,2023,10,8
5.5,2023-10-06 05:49:22,1,1,4,green,reviewed,0,465,us,",us,usauto,",",dyfi,internal-moment-tensor,losspager,moment-tensor,origin,phase-data,shakemap,",197,3.004,0.63,90.0,mww,10.0,30.1289,140.022,0,Unknown,Ocean/Offshore,Unknown,540,2023,10,6
6.1,2023-10-06 01:31:17,1,1,4,green,reviewed,0,573,us,",us,usauto,pt,",",dyfi,ground-failure,internal-moment-tensor,internal-origin,losspager,moment-tensor,origin,phase-data,shakemap,",91,2.968,0.92,62.0,mww,10.0,30.044,140.005,0,Unknown,Ocean/Offshore,Unknown,540,2023,10,6
5.7,2023-10-05 06:22:12,0,0,4,green,reviewed,0,500,us,",usauto,us,",",internal-moment-tensor,losspager,moment-tensor,origin,phase-data,shakemap,",187,3.023,0.48,85.0,mww,10.0,30.0809,139.98,0,Unknown,Ocean/Offshore,Unknown,540,2023,10,5
5.7,2023-10-05 02:53:13,0,0,4,green,reviewed,0,500,us,",usauto,us,",",internal-moment-tensor,losspager,moment-tensor,origin,phase-data,shakemap,",274,3.162,0.71,88.0,mww,10.0,30.0036,139.831,0,Unknown,Ocean/Offshore,Unknown,540,2023,10,5
5.3,2023-10-05 02:15:14,0,0,3,green,reviewed,0,432,us,",usauto,us,",",internal-moment-tensor,losspager,moment-tensor,origin,phase-data,shakemap,",271,3.185,0.75,46.0,mww,10.0,29.9804,139.887,0,Unknown,Ocean/Offshore,Unknown,540,2023,10,5
5.4,2023-10-05 02:06:32,0,0,3,green,reviewed,0,449,us,",us,",",losspager,origin,phase-data,shakemap,",161,3.211,0.91,53.0,mww,10.0,29.99,139.968,0,Unknown,Ocean/Offshore,Unknown,540,2023,10,5
6.1,2023-10-05 01:59:58,2,1,4,green,reviewed,0,573,us,",us,usauto,at,pt,",",dyfi,ground-failure,impact-text,internal-moment-tensor,internal-origin,losspager,moment-tensor,origin,phase-data,shakemap,",218,3.262,0.89,37.0,mww,10.0,29.959,139.948,0,Unknown,Ocean/Offshore,Unknown,540,2023,10,5
5.3,2023-10-04 23:18:09,0,0,3,green,reviewed,0,432,us,",usauto,us,",",internal-moment-tensor,losspager,moment-tensor,origin,phase-data,shakemap,",274,3.301,0.62,20.0,mww,10.0,29.8673,140.048,0,Unknown,Ocean/Offshore,Unknown,540,2023,10,4
5.5,2023-10-04 05:57:17,0,0,3,green,reviewed,0,465,us,",usauto,pt,us,",",internal-moment-tensor,internal-origin,losspager,moment-tensor,origin,phase-data,shakemap,",129,2.997,0.76,24.0,mww,8.0,30.786,142.041,0,Unknown,Ocean/Offshore,Unknown,540,2023,10,4
5.6,2023-10-04 04:55:47,0,0,3,green,reviewed,0,482,us,",usauto,pt,us,",",internal-moment-tensor,internal-origin,losspager,moment-tensor,origin,phase-data,shakemap,",122,2.701,0.54,49.0,mww,10.0,31.0695,141.884,0,Unknown,Ocean/Offshore,Unknown,540,2023,10,4
5.6,2023-10-04 02:19:06,0,0,4,green,reviewed,0,482,us,",usauto,us,",",internal-moment-tensor,losspager,moment-tensor,origin,phase-data,shakemap,",124,3.151,0.69,20.0,mww,10.0,29.9958,140.146,0,Unknown,Ocean/Offshore,Unknown,540,2023,10,4
5.5,2023-10-04 00:13:45,0,0,4,green,reviewed,0,465,us,",usauto,us,",",internal-moment-tensor,losspager,moment-tensor,origin,phase-data,shakemap,",264,3.149,0.86,30.0,mww,10.0,30.0215,140.109,0,Unknown,Ocean/Offshore,Unknown,540,2023,10,4
5.8,2023-10-03 15:22:35,0,0,4,green,reviewed,0,518,us,",usauto,at,us,",",internal-moment-tensor,internal-origin,losspager,moment-tensor,origin,phase-data,shakemap,",155,3.239,0.72,17.0,mww,6.0,29.9105,140.053,0,Unknown,Ocean/Offshore,Unknown,540,2023,10,3
6.0,2023-10-03 11:38:04,1,1,4,green,reviewed,0,554,us,",us,usauto,at,pt,",",dyfi,earthquake-name,ground-failure,internal-moment-tensor,internal-origin,losspager,moment-tensor,origin,phase-data,shakemap,",257,3.192,0.36,27.0,mww,10.0,29.905,139.967,0,Unknown,Ocean/Offshore,Unknown,540,2023,10,3
5.8,2023-09-28 17:40:06,0,0,4,green,reviewed,0,518,us,",usauto,pt,at,us,",",internal-moment-tensor,internal-origin,losspager,moment-tensor,origin,phase-data,shakemap,",197,4.374,0.7,45.0,mww,30.0,44.2539,148.635,117,Unknown,Ocean/Offshore,Unknown,600,2023,9,28
5.7,2023-09-21 21:22:12,0,0,3,green,reviewed,0,500,us,",usauto,us,",",internal-moment-tensor,losspager,moment-tensor,origin,phase-data,shakemap,",99,2.728,0.69,53.0,mww,12.765,30.9578,141.833,0,Unknown,Ocean/Offshore,Unknown,540,2023,9,21
5.8,2023-09-19 06:22:36,0,0,3,green,reviewed,0,518,us,",usauto,pt,at,us,",",internal-moment-tensor,internal-origin,losspager,moment-tensor,origin,phase-data,shakemap,",107,2.806,0.65,98.0,mww,8.0,31.0125,141.989,0,Unknown,Ocean/Offshore,Unknown,540,2023,9,19
5.5,2023-09-18 19:33:03,15,4,4,green,reviewed,0,471,us,",us,usauto,",",dyfi,internal-moment-tensor,losspager,moment-tensor,origin,phase-data,shakemap,",121,2.31,0.73,61.0,mww,51.0,38.5129,141.641,20,Unknown,Japan,Miyagi-ken,540,2023,9,18
6.3,2023-09-18 13:21:23,42,4,4,green,reviewed,0,629,us,",us,usauto,at,pt,",",dyfi,ground-failure,internal-moment-tensor,internal-origin,losspager,moment-tensor,origin,phase-data,shakemap,",165,2.324,0.84,21.0,mww,176.0,26.4336,125.303,191,Unknown,Ocean/Offshore,Unknown,480,2023,9,18
5.2,2023-09-08 09:28:48,6,3,4,green,reviewed,0,418,us,",us,",",dyfi,losspager,moment-tensor,origin,phase-data,shakemap,",256,2.036,0.5,113.0,mwr,40.452,38.9566,142.101,37,Unknown,Japan,Iwate,540,2023,9,8
4.9,2023-08-24 04:00:29,1,2,2,green,reviewed,0,370,us,",us,",",dyfi,losspager,origin,phase-data,shakemap,",206,6.253,0.66,31.0,mww,10.0,21.7833,145.906,0,Unknown,Ocean/Offshore,Unknown,600,2023,8,24
5.9,2023-08-11 00:14:33,5,3,4,green,reviewed,0,537,us,",us,usauto,pt,at,",",dyfi,internal-moment-tensor,internal-origin,losspager,moment-tensor,origin,phase-data,shakemap,",140,0.926,0.57,71.0,mww,34.0,41.1222,142.845,0,Unknown,Ocean/Offshore,Unknown,600,2023,8,11
5.5,2023-08-06 18:12:41,0,0,4,green,reviewed,0,465,us,",usauto,us,",",internal-moment-tensor,losspager,moment-tensor,origin,phase-data,shakemap,",164,1.106,0.74,60.0,mww,12.851,30.7637,131.39,38,Unknown,Ocean/Offshore,Unknown,540,2023,8,6
5.4,2023-07-09 13:38:36,0,0,3,green,reviewed,0,449,us,",pt,us,",",internal-origin,losspager,origin,phase-data,shakemap,",85,12.457,1.03,40.0,mww,10.0,24.0074,143.203,0,Unknown,Ocean/Offshore,Unknown,600,2023,7,9
5.6,2023-07-08 19:47:11,8,5,6,green,reviewed,0,486,us,",us,usauto,pt,",",dyfi,internal-moment-tensor,internal-origin,losspager,moment-tensor,origin,phase-data,shakemap,",240,0.996,0.79,23.0,mww,4.0,21.895,121.583,85,Unknown,Taiwan (Province of China),Unknown,480,2023,7,8
5.8,2023-06-27 23:38:21,1,1,2,green,reviewed,0,518,us,",us,usauto,",",dyfi,internal-moment-tensor,losspager,moment-tensor,origin,phase-data,shakemap,",281,2.575,0.8,37.0,mww,442.0,42.0873,134.055,0,Unknown,Ocean/Offshore,Unknown,540,2023,6,27
5.6,2023-06-23 17:39:13,1,2,3,green,reviewed,0,483,us,",us,usauto,",",dyfi,internal-moment-tensor,losspager,moment-tensor,origin,phase-data,shakemap,",153,1.175,0.78,52.0,mww,314.0,45.8086,143.124,94,Unknown,Ocean/Offshore,Unknown,600,2023,6,23
5.7,2024-09-06 10:12:58,3,4,4,green,reviewed,0,501,us,",us,usauto,",",dyfi,internal-moment-tensor,losspager,moment-tensor,origin,phase-data,shakemap,",88,1.087,1.27,36.0,mww,123.0,-28.6825,-69.3728,122,South America,Argentina,San Juan Province,-180,2024,9,6
5.7,2024-09-05 10:38:26,5,3,3,green,reviewed,0,501,us,",us,usauto,pt,",",dyfi,internal-moment-tensor,internal-origin,losspager,moment-tensor,origin,phase-data,shakemap,",74,2.015,1.17,37.0,mww,222.966,-19.1251,-67.3038,61,South America,Bolivia (Plurinational State of),Departamento de Oruro,-240,2024,9,5
5.5,2024-08-21 06:55:16,2,4,3,green,reviewed,0,466,us,",us,usauto,pt,",",dyfi,internal-moment-tensor,internal-origin,losspager,moment-tensor,origin,phase-data,shakemap,",47,2.152,1.24,42.0,mww,267.235,-22.2935,-65.9607,43,South America,Argentina,Jujuy Province,-180,2024,8,21
7.4,2024-07-19 01:50:48,211,7,7,yellow,reviewed,1,994,us,",at,pt,us,usauto,",",dyfi,finite-fault,general-text,ground-failure,impact-link,impact-text,internal-moment-tensor,internal-origin,losspager,moment-tensor,origin,phase-data,shakemap,",119,0.336,1.06,19.0,mww,127.291,-23.1243,-67.8715,41,South America,Chile,Region de Antofagasta,-240,2024,7,19
5.8,2024-02-14 01:31:41,26,5,6,green,reviewed,0,529,us,",us,usauto,at,",",dyfi,ground-failure,internal-moment-tensor,internal-origin,losspager,moment-tensor,origin,phase-data,shakemap,",141,0.642,0.56,72.0,mww,28.0,-28.9162,-71.5264,73,South America,Chile,Unknown,-180,2024,2,14
5.4,2024-02-11 21:14:43,2,3,5,green,reviewed,0,449,us,",us,usauto,",",dyfi,internal-moment-tensor,losspager,moment-tensor,origin,phase-data,shakemap,",307,0.19,0.73,56.0,mww,33.936,-28.229,-71.3898,63,South America,Chile,Unknown,-180,2024,2,11
5.3,2024-01-24 08:05:10,1,2,4,green,reviewed,0,432,us,",us,",",dyfi,losspager,moment-tensor,origin,phase-data,shakemap,",99,0.875,1.3,38.0,mww,113.11,-22.1579,-68.682,41,South America,Chile,Region de Antofagasta,-180,2024,1,24
5.4,2024-01-22 22:30:11,0,0,4,green,reviewed,0,449,us,",us,",",losspager,moment-tensor,origin,phase-data,shakemap,",136,0.857,0.85,111.0,mww,10.0,-30.2226,-72.2289,84,South America,Ocean/Offshore,Unknown,-300,2024,1,22
5.3,2024-01-21 02:36:01,1,2,3,green,reviewed,0,432,us,",us,usauto,",",dyfi,internal-moment-tensor,losspager,moment-tensor,origin,phase-data,shakemap,",108,1.46,0.99,33.0,mww,202.477,-23.3523,-66.6742,100,South America,Argentina,Jujuy Province,-180,2024,1,21
5.4,2024-01-09 16:47:25,0,0,3,green,reviewed,0,449,us,",usauto,us,",",internal-moment-tensor,losspager,moment-tensor,origin,phase-data,shakemap,",221,1.379,0.69,32.0,mww,175.245,-21.9201,-67.253,128,South America,Bolivia (Plurinational State of),Departamento de Potosi,-240,2024,1,9
5.5,2024-01-03 08:04:04,0,0,4,green,reviewed,0,465,us,",usauto,us,",",internal-moment-tensor,losspager,moment-tensor,origin,phase-data,shakemap,",124,1.743,1.19,29.0,mww,117.0,-28.4553,-68.9432,68,South America,Argentina,La Rioja Province,-180,2024,1,3
5.8,2023-12-24 03:23:43,13,4,5,green,reviewed,0,523,us,",us,usauto,pt,",",dyfi,internal-moment-tensor,internal-origin,losspager,moment-tensor,origin,phase-data,shakemap,",72,1.437,1.12,131.0,mww,16.0,-38.0756,-73.8819,53,South America,Ocean/Offshore,Unknown,-300,2023,12,24
5.6,2023-12-21 16:21:52,21,6,6,green,reviewed,0,494,us,",us,usauto,at,",",dyfi,internal-moment-tensor,internal-origin,losspager,moment-tensor,origin,phase-data,shakemap,",271,0.404,0.86,51.0,mww,61.708,-21.9025,-70.2778,21,South America,Chile,Unknown,-180,2023,12,21
5.5,2023-12-11 18:35:59,1,1,3,green,reviewed,0,465,us,",us,usauto,pt,",",dyfi,internal-moment-tensor,internal-origin,losspager,moment-tensor,origin,phase-data,shakemap,",466,2.773,0.63,51.0,mww,191.769,-24.1126,-66.8382,49,South America,Argentina,Salta Province,-180,2023,12,11
5.8,2023-12-02 07:55:41,25,5,4,green,reviewed,0,529,us,",us,usauto,",",dyfi,internal-moment-tensor,losspager,moment-tensor,origin,phase-data,shakemap,",158,0.45,0.99,68.0,mww,112.0,-19.1959,-69.0592,28,South America,Chile,Region de Tarapaca,-180,2023,12,2
6.6,2023-10-31 12:33:43,71,7,7,green,reviewed,1,719,us,",at,pt,us,usauto,",",dyfi,ground-failure,impact-link,impact-text,internal-moment-tensor,internal-origin,losspager,moment-tensor,origin,phase-data,shakemap,",169,0.685,0.52,32.0,mww,34.0,-28.7457,-71.5726,80,South America,Chile,Unknown,-180,2023,10,31
5.4,2023-10-26 21:49:34,3,4,4,green,reviewed,0,450,us,",us,usauto,",",dyfi,internal-moment-tensor,losspager,moment-tensor,origin,phase-data,shakemap,",147,0.492,0.66,51.0,mww,101.15,-28.6909,-70.3075,50,South America,Chile,Region de Atacama,-180,2023,10,26
6.0,2023-10-10 10:01:31,5,4,4,green,reviewed,0,556,us,",us,usauto,at,pt,",",dyfi,ground-failure,internal-moment-tensor,internal-origin,losspager,moment-tensor,origin,phase-data,shakemap,",123,1.774,0.81,35.0,mww,253.0,-22.8844,-66.2242,61,South America,Argentina,Jujuy Province,-180,2023,10,10
5.6,2023-10-10 00:13:17,1,5,1,green,reviewed,0,483,us,",us,usauto,",",dyfi,internal-moment-tensor,losspager,moment-tensor,origin,phase-data,shakemap,",256,4.179,0.77,35.0,mww,571.448,-23.6067,-63.6564,60,South America,Argentina,Salta Province,-180,2023,10,10
5.7,2023-09-15 18:07:39,0,0,4,green,reviewed,0,500,us,",usauto,pt,us,",",internal-moment-tensor,internal-origin,losspager,moment-tensor,origin,phase-data,shakemap,",131,1.08,0.77,50.0,mww,8.0,-27.3252,-71.5543,122,Unknown,Ocean/Offshore,Unknown,-300,2023,9,15
5.3,2023-09-12 04:58:37,16,5,4,green,reviewed,0,440,us,",us,usauto,",",dyfi,earthquake-name,internal-moment-tensor,losspager,moment-tensor,origin,phase-data,shakemap,",97,0.985,0.55,37.0,mww,110.914,-20.6514,-68.5222,0,South America,Chile,Region de Tarapaca,-180,2023,9,12
5.5,2023-09-11 13:37:08,1,4,5,green,reviewed,0,466,us,",us,usauto,",",dyfi,internal-moment-tensor,losspager,moment-tensor,origin,phase-data,shakemap,",106,0.755,0.81,107.0,mww,21.043,-27.1542,-71.2479,86,Unknown,Ocean/Offshore,Unknown,-300,2023,9,11
6.3,2023-09-06 23:48:04,80,6,6,green,reviewed,0,660,us,",us,usauto,pt,at,",",dyfi,ground-failure,impact-text,internal-moment-tensor,internal-origin,losspager,moment-tensor,origin,phase-data,shakemap,",340,0.412,0.74,19.0,mww,36.0,-30.2775,-71.536,38,Unknown,Chile,Unknown,-180,2023,9,6
6.2,2023-08-23 14:22:43,2,1,2,green,reviewed,0,592,us,",us,usauto,pt,",",dyfi,ground-failure,internal-moment-tensor,internal-origin,losspager,moment-tensor,origin,phase-data,shakemap,",201,4.581,0.64,34.0,mww,554.0,-26.9212,-63.3389,17,South America,Argentina,Santiago del Estero Province,-180,2023,8,23
6.2,2023-08-05 07:20:06,1,1,2,green,reviewed,0,591,us,",us,usauto,pt,",",dyfi,ground-failure,internal-moment-tensor,internal-origin,losspager,moment-tensor,origin,phase-data,shakemap,",248,4.325,0.56,33.0,mww,575.0,-28.2143,-63.1854,0,South America,Argentina,Santiago del Estero Province,-180,2023,8,5
6.6,2023-07-17 03:05:11,350,7,4,green,reviewed,0,901,us,",us,usauto,at,pt,",",dyfi,ground-failure,internal-moment-tensor,internal-origin,losspager,moment-tensor,origin,phase-data,shakemap,",134,1.61,0.63,18.0,mww,186.0,-38.1911,-70.3731,19,South America,Argentina,Neuquen Province,-180,2023,7,17
5.7,2023-07-09 17:11:33,137,6,5,green,reviewed,0,577,us,",us,usauto,",",dyfi,internal-moment-tensor,losspager,moment-tensor,origin,phase-data,shakemap,",126,0.257,0.76,34.0,mww,99.0,-33.2122,-70.3268,30,South America,Chile,Region Metropolitana,-240,2023,7,9
5.8,2023-07-06 00:31:56,6,3,4,green,reviewed,0,519,us,",us,usauto,pt,",",dyfi,internal-moment-tensor,internal-origin,losspager,moment-tensor,origin,phase-data,shakemap,",270,0.933,0.96,32.0,mww,135.0,-23.9264,-67.9077,108,South America,Chile,Region de Antofagasta,-240,2023,7,6
5.5,2024-08-26 12:57:41,20,6,4,green,reviewed,0,477,us,",us,usauto,",",dyfi,internal-moment-tensor,losspager,moment-tensor,origin,phase-data,shakemap,",59,1.786,0.92,65.0,mww,47.174,-8.7179,110.181,98,Unknown,Ocean/Offshore,Unknown,420,2024,8,26
5.1,2024-07-28 04:35:12,72,4,6,green,reviewed,0,428,us,",us,usauto,",",dyfi,internal-moment-tensor,losspager,moment-tensor,origin,phase-data,shakemap,",101,4.495,0.78,79.0,mww,8.078,14.7827,108.243,53,Asia,Viet Nam,Kon Tum,420,2024,7,28
5.1,2024-07-20 12:05:04,0,0,3,green,reviewed,0,400,us,",usauto,us,",",internal-moment-tensor,losspager,moment-tensor,origin,phase-data,shakemap,",111,1.617,0.73,34.0,mww,10.0,0.0963,96.4898,155,Unknown,Ocean/Offshore,Unknown,360,2024,7,20
5.4,2024-07-10 15:32:42,0,0,3,green,reviewed,0,449,us,",usauto,pt,us,",",internal-moment-tensor,internal-origin,losspager,moment-tensor,origin,phase-data,shakemap,",142,2.19,0.72,32.0,mww,9.0,-5.3869,101.059,224,Unknown,Ocean/Offshore,Unknown,420,2024,7,10
5.1,2024-06-05 11:16:14,0,0,4,green,reviewed,0,400,us,",usauto,us,",",internal-moment-tensor,losspager,origin,phase-data,shakemap,",128,1.323,0.69,111.0,mww,65.051,0.4081,98.5654,86,Asia,Indonesia,Sumatra,420,2024,6,5
5.5,2024-06-05 02:20:27,0,0,5,green,reviewed,0,465,us,",usauto,pt,at,us,",",internal-moment-tensor,internal-origin,losspager,moment-tensor,origin,phase-data,shakemap,",122,2.425,0.54,35.0,mww,19.0,-3.6267,100.699,183,Asia,Indonesia,Sumatra,420,2024,6,5
5.7,2024-05-28 11:52:40,1,8,5,green,reviewed,0,501,us,",us,usauto,pt,",",dyfi,internal-moment-tensor,internal-origin,losspager,moment-tensor,origin,phase-data,shakemap,",112,2.471,0.69,56.0,mww,21.0,2.8312,95.6044,93,Asia,Indonesia,Nanggroe Aceh Darussalam Province,420,2024,5,28
6.1,2024-04-27 16:29:50,107,8,6,green,reviewed,0,655,us,",us,usauto,at,pt,",",dyfi,ground-failure,impact-text,internal-moment-tensor,internal-origin,losspager,moment-tensor,origin,phase-data,shakemap,",232,0.652,0.64,19.0,mww,59.701,-8.1104,107.272,91,Asia,Ocean/Offshore,Unknown,420,2024,4,27
6.4,2024-03-22 08:52:58,101,9,8,yellow,reviewed,0,738,us,",us,usauto,pt,",",dyfi,ground-failure,impact-text,internal-moment-tensor,internal-origin,losspager,moment-tensor,origin,phase-data,shakemap,",208,2.239,0.62,39.0,mww,9.471,-5.8668,112.362,110,Asia,Indonesia,Jawa Timur,420,2024,3,22
5.6,2024-03-22 04:22:45,61,7,7,green,reviewed,0,527,us,",us,usauto,",",dyfi,impact-text,internal-moment-tensor,losspager,moment-tensor,origin,phase-data,shakemap,",89,2.233,1.12,27.0,mww,10.0,-5.8086,112.311,117,Asia,Indonesia,Jawa Timur,420,2024,3,22
5.2,2024-03-04 02:48:21,0,0,4,green,reviewed,0,416,us,",us,",",losspager,moment-tensor,origin,phase-data,shakemap,",79,1.65,0.81,102.0,mwb,10.0,-5.8146,102.185,224,Asia,Ocean/Offshore,Unknown,420,2024,3,4
5.6,2024-02-25 13:07:04,22,7,4,green,reviewed,0,497,us,",us,usauto,pt,",",dyfi,impact-text,internal-moment-tensor,internal-origin,losspager,moment-tensor,origin,phase-data,shakemap,",133,1.712,0.72,54.0,mww,34.0,-7.362,105.925,79,Asia,Indonesia,Banten,420,2024,2,25
5.4,2023-08-17 04:28:48,12,5,4,green,reviewed,0,454,us,",us,usauto,",",dyfi,impact-text,internal-moment-tensor,losspager,origin,phase-data,shakemap,",146,2.085,0.65,43.0,mww,54.787,-7.435,105.536,124,Unknown,Ocean/Offshore,Unknown,420,2023,8,17
5.5,2023-08-04 00:31:44,0,0,1,green,reviewed,0,465,us,",usauto,us,",",internal-moment-tensor,losspager,moment-tensor,origin,phase-data,shakemap,",122,2.555,0.63,56.0,mww,575.691,-6.1198,113.147,109,Unknown,Indonesia,Jawa Timur,420,2023,8,4
5.9,2023-07-28 19:23:46,6,6,4,green,reviewed,0,539,us,",us,pt,",",dyfi,internal-origin,losspager,moment-tensor,origin,phase-data,shakemap,",261,6.26,0.88,17.0,mww,88.891,10.501,93.4505,152,Unknown,Ocean/Offshore,Unknown,360,2023,7,28
5.2,2023-07-09 14:09:03,3,4,3,green,reviewed,0,417,us,",us,",",dyfi,earthquake-name,losspager,origin,phase-data,shakemap,",97,2.364,0.93,63.0,mww,37.801,5.3539,94.5693,81,Unknown,Ocean/Offshore,Unknown,360,2023,7,9
5.9,2023-06-30 12:57:42,77,7,4,green,reviewed,0,588,us,",us,usauto,at,pt,",",dyfi,impact-text,internal-moment-tensor,internal-origin,losspager,moment-tensor,origin,phase-data,shakemap,",159,1.641,0.84,41.0,mww,76.421,-8.6741,110.041,82,Unknown,Ocean/Offshore,Unknown,420,2023,6,30
4.2,2024-09-18 12:02:12,0,0,3,green,reviewed,0,271,us,",us,",",losspager,origin,phase-data,shakemap,",33,0.826,0.72,186.0,mb,9.237,51.5572,-130.594,268,North America,Canada,Unknown,-420,2024,9,18
3.9,2024-09-16 18:52:28,0,0,3,Unknown,reviewed,0,234,us,",ak,us,",",origin,phase-data,shakemap,",34,0.27,0.56,173.0,mb,79.702,52.0699,-173.813,30,North America,United States of America (the),Alaska,-540,2024,9,16
3.6,2024-09-16 18:52:27,0,0,3,Unknown,reviewed,0,199,ak,",ak,",",origin,phase-data,shakemap,",0,0.0,0.53,0.0,ml,71.1,51.937,-173.727,43,North America,United States of America (the),Alaska,-540,2024,9,16
4.6,2024-09-16 18:13:01,0,0,2,Unknown,reviewed,0,326,us,",ak,us,",",origin,phase-data,shakemap,",45,0.657,0.81,52.0,mb,251.843,52.4623,-179.019,175,Unknown,Ocean/Offshore,Unknown,-720,2024,9,16
4.5,2024-09-16 16:01:20,1,3,3,Unknown,reviewed,0,312,us,",us,ak,",",dyfi,origin,phase-data,shakemap,",105,0.209,0.74,59.0,mb,95.514,52.2566,-173.869,23,North America,United States of America (the),Alaska,-540,2024,9,16
4.7,2024-09-16 01:43:25,1,1,3,green,reviewed,1,340,us,",us,at,usauto,",",dyfi,impact-link,internal-moment-tensor,losspager,moment-tensor,origin,phase-data,shakemap,",76,0.925,0.72,157.0,mwr,10.0,51.3957,-130.863,279,Unknown,Ocean/Offshore,Unknown,-540,2024,9,16
6.5,2024-09-15 22:22:48,94,5,5,green,reviewed,1,695,us,",at,us,pt,usauto,",",dyfi,ground-failure,impact-link,internal-moment-tensor,internal-origin,losspager,moment-tensor,origin,phase-data,shakemap,",187,0.777,0.75,67.0,mww,10.0,51.6758,-130.632,272,North America,Canada,Unknown,-420,2024,9,15
4.3,2024-09-15 15:17:04,197,3,3,Unknown,reviewed,1,349,ak,",ak,at,us,",",dyfi,impact-link,origin,phase-data,shakemap,",0,0.0,0.69,0.0,ml,15.0,60.6032,-146.917,28,North America,United States of America (the),Alaska,-480,2024,9,15
5.0,2024-09-15 12:41:03,2,3,3,Unknown,reviewed,0,385,us,",us,usauto,ak,",",dyfi,internal-moment-tensor,oaf,origin,phase-data,shakemap,",252,0.393,0.97,50.0,mww,170.476,52.1396,-179.807,215,Unknown,Ocean/Offshore,Unknown,-720,2024,9,15
4.3,2024-09-14 14:33:42,0,0,1,Unknown,reviewed,0,284,ak,",us,ak,",",origin,phase-data,shakemap,",0,0.0,0.6,0.0,ml,0.9,54.9023,-157.07,199,Unknown,Ocean/Offshore,Unknown,-600,2024,9,14
3.9,2024-09-14 14:05:50,0,0,3,Unknown,reviewed,0,234,us,",ak,us,",",origin,phase-data,shakemap,",28,1.636,1.3,181.0,mb,38.471,54.4632,-159.639,111,Unknown,Ocean/Offshore,Unknown,-660,2024,9,14
3.9,2024-09-12 02:55:36,0,0,3,Unknown,reviewed,0,234,us,",av,ak,us,",",origin,phase-data,shakemap,",51,0.236,0.95,200.0,mb,44.338,51.3453,-178.638,150,North America,United States of America (the),Alaska,-540,2024,9,12
4.0,2024-09-12 02:55:34,0,0,3,Unknown,reviewed,0,246,ak,",ak,",",origin,phase-data,shakemap,",0,0.0,0.53,0.0,ml,25.7,51.2731,-178.633,153,North America,United States of America (the),Alaska,-540,2024,9,12
3.9,2024-09-11 12:53:14,1,2,3,Unknown,reviewed,1,234,ak,",ak,at,us,",",dyfi,impact-link,origin,phase-data,shakemap,",0,0.0,0.52,0.0,ml,126.3,59.8159,-153.249,44,North America,United States of America (the),Alaska,-480,2024,9,11
3.5,2024-09-11 06:36:48,27,4,3,Unknown,reviewed,0,200,ak,",ak,us,",",dyfi,moment-tensor,origin,phase-data,shakemap,",0,0.0,0.63,0.0,ml,8.0,58.9459,-136.697,63,North America,United States of America (the),Alaska,-480,2024,9,11
3.6,2024-09-11 00:06:16,0,0,1,Unknown,reviewed,0,199,ak,",ak,",",origin,phase-data,shakemap,",0,0.0,0.49,0.0,ml,25.6,53.6139,-164.358,109,Unknown,Ocean/Offshore,Unknown,-660,2024,9,11
4.0,2024-09-10 22:48:57,0,0,2,Unknown,reviewed,0,246,ak,",ak,",",origin,phase-data,shakemap,",0,0.0,0.62,0.0,ml,26.3,51.5965,-175.165,94,Unknown,Ocean/Offshore,Unknown,-720,2024,9,10
3.5,2024-09-09 16:55:40,0,0,2,Unknown,automatic,0,188,ak,",us,ak,",",origin,phase-data,shakemap,",0,0.0,0.38,0.0,ml,20.4,60.0019,-146.214,65,Unknown,Ocean/Offshore,Unknown,-600,2024,9,9
3.4,2024-09-07 23:42:54,0,0,3,Unknown,automatic,0,178,ak,",ak,",",origin,phase-data,shakemap,",0,0.0,0.61,0.0,ml,33.6,54.7699,-158.513,133,Unknown,Ocean/Offshore,Unknown,-660,2024,9,7
3.9,2024-09-07 21:14:36,0,0,3,Unknown,reviewed,0,234,ak,",us,ak,",",moment-tensor,origin,phase-data,shakemap,",0,0.0,0.99,0.0,ml,5.0,56.4818,-153.762,66,North America,United States of America (the),Alaska,-480,2024,9,7
4.3,2024-09-06 17:16:18,0,0,3,Unknown,reviewed,0,284,us,",ak,us,",",origin,phase-data,shakemap,",109,0.438,0.67,138.0,mb,67.586,51.997,-173.57,48,North America,United States of America (the),Alaska,-540,2024,9,6
3.5,2024-09-05 20:46:56,1,2,3,Unknown,automatic,0,189,ak,",ak,us,",",dyfi,origin,phase-data,shakemap,",0,0.0,0.84,0.0,ml,43.6,63.2208,-148.573,26,North America,United States of America (the),Alaska,-480,2024,9,5
3.1,2024-09-05 01:46:36,47,3,3,Unknown,reviewed,0,162,ak,",ak,us,",",dyfi,origin,phase-data,shakemap,",0,0.0,0.92,0.0,ml,12.1,61.4837,-149.943,1,North America,United States of America (the),Alaska,-480,2024,9,5
4.3,2024-09-04 21:41:47,0,0,3,Unknown,reviewed,0,284,us,",ak,us,",",origin,phase-data,shakemap,",48,0.488,0.67,179.0,mb,62.587,51.4889,-179.588,208,Unknown,Ocean/Offshore,Unknown,-720,2024,9,4
4.0,2024-09-04 03:17:13,0,0,3,green,reviewed,0,246,us,",us,",",losspager,moment-tensor,origin,phase-data,shakemap,",25,0.858,0.6,190.0,mwr,10.0,53.4211,-133.318,201,Unknown,Ocean/Offshore,Unknown,-540,2024,9,4
3.4,2024-09-02 11:34:46,0,0,4,Unknown,reviewed,0,178,ak,",ak,",",origin,phase-data,shakemap,",0,0.0,1.26,0.0,ml,38.0,68.1656,-136.376,111,North America,Canada,Northwest Territories,-360,2024,9,2
4.6,2024-09-01 13:20:21,271,6,4,green,reviewed,1,496,ak,",ak,at,us,",",dyfi,impact-link,losspager,moment-tensor,origin,phase-data,shakemap,",0,0.0,0.7,0.0,ml,48.2,59.6591,-151.499,2,North America,United States of America (the),Alaska,-480,2024,9,1
3.7,2024-08-31 07:49:06,115,3,3,Unknown,reviewed,0,246,ak,",ak,us,",",dyfi,origin,phase-data,shakemap,",0,0.0,0.64,0.0,ml,49.3,59.7974,-151.337,9,North America,United States of America (the),Alaska,-480,2024,8,31
3.7,2024-08-31 00:41:55,1,3,2,Unknown,reviewed,0,211,us,",ak,us,",",dyfi,origin,phase-data,shakemap,",49,0.482,0.75,195.0,ml,35.0,53.523,-165.902,57,Unknown,Ocean/Offshore,Unknown,-660,2024,8,31
3.5,2024-08-31 00:41:54,1,3,2,Unknown,reviewed,0,189,ak,",ak,",",dyfi,origin,phase-data,shakemap,",0,0.0,0.38,0.0,ml,37.7,53.5158,-165.891,58,Unknown,Ocean/Offshore,Unknown,-660,2024,8,31
4.4,2024-08-30 18:21:57,1,2,3,Unknown,reviewed,0,298,us,",ak,us,",",dyfi,origin,phase-data,shakemap,",170,0.362,0.7,62.0,mb,41.343,52.6166,-168.748,36,Unknown,Ocean/Offshore,Unknown,-660,2024,8,30
4.0,2024-08-30 18:21:57,1,2,3,Unknown,reviewed,0,246,ak,",ak,",",dyfi,origin,phase-data,shakemap,",0,0.0,0.79,0.0,ml,48.4,52.6577,-168.78,31,Unknown,Ocean/Offshore,Unknown,-660,2024,8,30
4.8,2024-08-27 22:12:02,6,3,4,Unknown,reviewed,0,356,us,",us,ak,",",dyfi,moment-tensor,origin,phase-data,shakemap,",87,0.633,0.82,83.0,mb,66.53,54.3454,-162.778,69,North America,United States of America (the),Alaska,-480,2024,8,27
3.9,2024-08-27 15:01:00,0,0,3,Unknown,reviewed,0,234,ak,",ak,",",origin,phase-data,shakemap,",0,0.0,0.72,0.0,ml,25.4,54.5066,-159.779,103,Unknown,Ocean/Offshore,Unknown,-660,2024,8,27
4.0,2024-08-27 15:01:00,0,0,3,Unknown,reviewed,0,246,us,",ak,us,",",origin,phase-data,shakemap,",30,1.028,0.47,196.0,ml,35.0,54.4421,-159.647,113,Unknown,Ocean/Offshore,Unknown,-660,2024,8,27
5.0,2024-08-26 15:49:43,1,3,4,Unknown,reviewed,1,385,ak,",at,ak,",",dyfi,impact-link,origin,phase-data,shakemap,",0,0.0,0.53,0.0,ml,25.0,54.5449,-159.729,100,Unknown,Ocean/Offshore,Unknown,-660,2024,8,26
5.1,2024-08-26 15:49:41,2,3,4,Unknown,reviewed,1,401,us,",at,ak,us,usauto,",",dyfi,impact-link,internal-moment-tensor,moment-tensor,oaf,origin,phase-data,shakemap,",127,0.925,0.86,68.0,mww,28.58,54.5455,-159.689,102,Unknown,Ocean/Offshore,Unknown,-660,2024,8,26
5.0,2024-08-26 15:49:40,1,3,4,Unknown,REVIEWED,1,385,at,",at,ak,",",dyfi,impact-link,origin,shakemap,",32,0.988147,0.51,201.6,Ml,12.0,54.514,-159.567,109,Unknown,Ocean/Offshore,Unknown,-660,2024,8,26
3.6,2024-08-25 20:48:58,0,0,1,Unknown,automatic,0,199,ak,",ak,",",origin,phase-data,shakemap,",0,0.0,0.6,0.0,ml,39.8,54.4397,-160.234,101,Unknown,Ocean/Offshore,Unknown,-660,2024,8,25
3.6,2024-08-25 20:48:57,0,0,1,Unknown,reviewed,0,199,us,",ak,us,",",origin,phase-data,shakemap,",51,1.009,0.74,203.0,ml,35.0,54.3575,-160.179,110,Unknown,Ocean/Offshore,Unknown,-660,2024,8,25
3.9,2024-08-23 21:08:37,0,0,3,Unknown,reviewed,0,234,us,",ak,us,",",origin,phase-data,shakemap,",38,0.395,0.8,183.0,mb,141.837,52.2687,-173.565,44,North America,United States of America (the),Alaska,-540,2024,8,23
3.1,2024-08-23 05:36:55,1,2,3,Unknown,automatic,0,148,ak,",ak,us,",",dyfi,origin,phase-data,shakemap,",0,0.0,0.25,0.0,ml,41.3,61.0968,-150.826,14,North America,United States of America (the),Alaska,-480,2024,8,23
4.4,2024-08-22 09:52:55,0,0,1,Unknown,reviewed,0,298,us,",ak,us,",",origin,phase-data,shakemap,",59,1.694,1.17,196.0,mb,22.817,50.5904,-173.373,187,Unknown,Ocean/Offshore,Unknown,-720,2024,8,22
3.8,2024-08-22 02:40:21,35,3,3,Unknown,reviewed,0,234,ak,",ak,us,",",dyfi,moment-tensor,origin,phase-data,shakemap,",0,0.0,0.54,0.0,ml,18.9,61.259,-147.016,39,North America,United States of America (the),Alaska,-480,2024,8,22
3.3,2024-08-20 17:50:08,5,3,3,Unknown,reviewed,0,169,ak,",ak,us,",",dyfi,origin,phase-data,shakemap,",0,0.0,0.62,0.0,ml,0.3,59.0181,-134.506,50,North America,United States of America (the),Alaska,-480,2024,8,20
3.5,2024-08-19 13:46:42,0,0,2,Unknown,reviewed,0,188,ak,",ak,",",origin,phase-data,shakemap,",0,0.0,0.58,0.0,ml,10.0,49.6314,-178.31,276,Unknown,Ocean/Offshore,Unknown,-720,2024,8,19
4.0,2024-08-19 13:46:40,0,0,2,Unknown,reviewed,0,246,us,",ak,us,",",origin,phase-data,shakemap,",42,1.752,0.74,256.0,mb,10.0,49.813,-178.305,254,Unknown,Ocean/Offshore,Unknown,-720,2024,8,19
3.6,2024-08-18 06:00:17,0,1,3,Unknown,reviewed,0,199,ak,",us,ak,",",dyfi,moment-tensor,origin,phase-data,shakemap,",0,0.0,0.63,0.0,ml,15.3,60.0304,-143.176,154,North America,United States of America (the),Alaska,-480,2024,8,18
3.7,2024-08-16 15:34:26,240,3,3,Unknown,reviewed,0,292,ak,",us,ak,",",dyfi,moment-tensor,origin,phase-data,shakemap,",0,0.0,0.54,0.0,ml,38.7,61.2172,-149.616,6,North America,United States of America (the),Alaska,-480,2024,8,16
3.8,2024-08-15 22:28:35,0,0,1,Unknown,reviewed,0,222,us,",ak,us,",",origin,phase-data,shakemap,",28,0.895,0.76,229.0,ml,10.0,52.8357,-166.776,116,Unknown,Ocean/Offshore,Unknown,-660,2024,8,15
3.6,2024-08-15 22:28:35,0,0,1,Unknown,reviewed,0,199,ak,",ak,",",origin,phase-data,shakemap,",0,0.0,0.7,0.0,ml,7.9,52.7645,-166.697,123,Unknown,Ocean/Offshore,Unknown,-660,2024,8,15
3.5,2024-08-15 13:36:41,0,0,3,Unknown,reviewed,0,188,ak,",ak,us,",",moment-tensor,origin,phase-data,shakemap,",0,0.0,0.65,0.0,ml,30.9,61.5986,-146.305,49,North America,United States of America (the),Alaska,-480,2024,8,15
3.6,2024-08-14 03:57:09,0,0,3,Unknown,reviewed,0,199,ak,",ak,",",origin,phase-data,shakemap,",0,0.0,0.85,0.0,ml,32.0,68.1761,-136.343,110,North America,Canada,Northwest Territories,-360,2024,8,14
3.7,2024-08-14 03:57:06,0,0,3,Unknown,reviewed,0,211,us,",ak,us,",",origin,phase-data,shakemap,",32,1.051,0.45,136.0,ml,10.334,68.1507,-136.313,109,North America,Canada,Northwest Territories,-360,2024,8,14
3.6,2024-08-13 17:37:53,0,0,1,Unknown,reviewed,0,199,ak,",ak,",",origin,phase-data,shakemap,",0,0.0,0.66,0.0,ml,20.1,50.3633,-173.44,210,Unknown,Ocean/Offshore,Unknown,-720,2024,8,13
4.0,2024-08-13 17:37:52,0,0,1,Unknown,reviewed,0,246,us,",ak,us,",",origin,phase-data,shakemap,",40,1.895,0.76,186.0,mb,19.601,50.2648,-173.472,209,Unknown,Ocean/Offshore,Unknown,-720,2024,8,13
3.6,2024-08-13 06:33:15,1,2,2,Unknown,reviewed,0,200,ak,",us,ak,",",dyfi,origin,phase-data,shakemap,",0,0.0,0.91,0.0,ml,11.1,57.1827,-151.715,56,Unknown,Ocean/Offshore,Unknown,-600,2024,8,13
3.2,2024-08-11 18:21:47,0,0,3,Unknown,reviewed,0,158,ak,",us,ak,",",origin,phase-data,shakemap,",0,0.0,0.53,0.0,ml,64.8,56.4659,-156.55,113,Unknown,Ocean/Offshore,Unknown,-600,2024,8,11
3.8,2024-08-10 07:23:52,0,0,1,Unknown,reviewed,0,222,ak,",us,ak,",",origin,phase-data,shakemap,",0,0.0,0.56,0.0,ml,4.7,55.7541,-154.19,145,Unknown,Ocean/Offshore,Unknown,-600,2024,8,10
3.5,2024-08-09 17:05:25,0,0,3,Unknown,reviewed,0,188,ak,",us,ak,",",origin,phase-data,shakemap,",0,0.0,0.57,0.0,ml,44.3,58.2943,-151.695,62,North America,United States of America (the),Alaska,-480,2024,8,9
3.1,2024-08-09 11:10:32,1,2,2,Unknown,automatic,0,148,ak,",ak,us,",",dyfi,origin,phase-data,shakemap,",0,0.0,0.78,0.0,ml,34.9,61.5173,-150.699,10,North America,United States of America (the),Alaska,-480,2024,8,9
3.5,2024-08-08 15:17:00,0,0,2,Unknown,reviewed,0,188,us,",ak,us,",",origin,phase-data,shakemap,",21,0.665,0.4,202.0,mb,35.0,51.6689,-174.864,73,Unknown,Ocean/Offshore,Unknown,-720,2024,8,8
3.7,2024-08-08 15:17:00,0,0,2,Unknown,reviewed,0,211,ak,",ak,",",origin,phase-data,shakemap,",0,0.0,0.71,0.0,ml,40.7,51.7246,-174.889,70,Unknown,Ocean/Offshore,Unknown,-720,2024,8,8
3.5,2024-08-07 12:07:28,0,0,1,Unknown,reviewed,0,188,ak,",ak,",",origin,phase-data,shakemap,",0,0.0,0.86,0.0,ml,12.0,50.5619,-170.455,286,Unknown,Ocean/Offshore,Unknown,-660,2024,8,7
3.8,2024-08-07 12:07:22,2,2,1,Unknown,reviewed,0,223,us,",us,ak,",",dyfi,origin,phase-data,shakemap,",48,2.914,0.55,230.0,mb,10.0,50.4982,-170.471,297,Unknown,Ocean/Offshore,Unknown,-660,2024,8,7
4.0,2024-08-02 19:12:21,0,0,1,Unknown,reviewed,0,246,us,",us,ak,",",moment-tensor,origin,phase-data,shakemap,",94,1.02,0.92,132.0,mwr,8.764,52.6053,-166.906,137,Unknown,Ocean/Offshore,Unknown,-660,2024,8,2
3.6,2024-08-02 19:12:20,0,0,1,Unknown,reviewed,0,199,ak,",ak,",",origin,phase-data,shakemap,",0,0.0,2.52,0.0,ml,3.5,52.5603,-166.896,139,Unknown,Ocean/Offshore,Unknown,-660,2024,8,2
3.6,2024-08-02 03:04:58,0,0,2,Unknown,reviewed,0,199,us,",ak,us,",",origin,phase-data,shakemap,",25,0.528,0.47,161.0,ml,50.524,53.5336,-165.752,62,Unknown,Ocean/Offshore,Unknown,-660,2024,8,2
5.6,2024-08-01 10:03:16,2,4,4,green,reviewed,1,483,us,",us,at,usauto,ak,",",dyfi,ground-failure,impact-link,internal-moment-tensor,losspager,moment-tensor,oaf,origin,phase-data,shakemap,",140,1.322,0.81,46.0,mww,34.21,54.1094,-159.702,145,Unknown,Ocean/Offshore,Unknown,-660,2024,8,1
5.4,2024-08-01 10:03:15,0,0,4,Unknown,reviewed,1,449,ak,",at,ak,",",impact-link,origin,phase-data,shakemap,",0,0.0,0.49,0.0,ml,14.8,54.0955,-159.699,147,Unknown,Ocean/Offshore,Unknown,-660,2024,8,1
5.4,2024-08-01 10:03:15,0,0,3,Unknown,REVIEWED,1,449,at,",at,ak,",",impact-link,origin,shakemap,",63,1.42383,0.85,212.4,Mi,87.0,54.038,-159.522,157,Unknown,Ocean/Offshore,Unknown,-660,2024,8,1
3.8,2024-07-31 21:37:52,3,3,3,Unknown,reviewed,0,223,ak,",us,ak,",",dyfi,moment-tensor,origin,phase-data,shakemap,",0,0.0,0.75,0.0,ml,31.1,60.9847,-148.283,33,North America,United States of America (the),Alaska,-480,2024,7,31
4.6,2024-07-31 08:20:43,28,4,4,green,reviewed,1,337,ak,",ak,at,us,",",dyfi,impact-link,losspager,moment-tensor,origin,phase-data,shakemap,",0,0.0,0.5,0.0,mwr,8.3,59.1053,-139.141,68,North America,United States of America (the),Alaska,-480,2024,7,31
4.1,2024-07-31 06:00:25,0,0,1,Unknown,reviewed,0,259,us,",us,ak,",",moment-tensor,origin,phase-data,shakemap,",75,1.127,1.3,164.0,mwr,10.0,53.3838,-163.613,149,Unknown,Ocean/Offshore,Unknown,-660,2024,7,31
5.1,2024-07-29 04:49:29,0,0,4,Unknown,REVIEWED,1,400,at,",at,ak,",",impact-link,origin,shakemap,",41,0.0,1.18,140.4,Ml,44.0,52.306,-174.645,32,North America,United States of America (the),Alaska,-540,2024,7,29
4.8,2024-07-29 04:49:27,2,3,4,Unknown,reviewed,1,355,us,",ak,us,at,",",dyfi,impact-link,origin,phase-data,shakemap,",124,0.259,0.48,56.0,mww,69.273,52.042,-174.531,28,North America,United States of America (the),Alaska,-540,2024,7,29
5.2,2024-07-29 04:49:26,2,3,4,Unknown,reviewed,1,417,ak,",ak,at,",",dyfi,impact-link,origin,phase-data,shakemap,",0,0.0,0.46,0.0,ml,52.8,51.8371,-174.491,44,North America,United States of America (the),Alaska,-540,2024,7,29
3.9,2024-07-29 04:05:38,0,0,2,Unknown,reviewed,0,234,us,",ak,us,",",origin,phase-data,shakemap,",64,0.682,0.89,143.0,mb,10.0,51.626,-175.072,92,Unknown,Ocean/Offshore,Unknown,-720,2024,7,29
3.5,2024-07-28 04:10:53,0,0,1,Unknown,reviewed,0,188,us,",ak,us,",",origin,phase-data,shakemap,",29,0.903,1.24,164.0,ml,35.0,53.68,-164.273,112,Unknown,Ocean/Offshore,Unknown,-660,2024,7,28
4.5,2024-07-27 18:12:14,31,4,3,Unknown,reviewed,1,323,ak,",us,ak,at,",",dyfi,impact-link,moment-tensor,origin,phase-data,shakemap,",0,0.0,0.87,0.0,mww,87.8,60.3148,-152.365,47,North America,United States of America (the),Alaska,-480,2024,7,27
3.5,2024-07-27 15:19:26,0,0,4,Unknown,reviewed,0,188,ak,",us,ak,",",moment-tensor,origin,phase-data,shakemap,",0,0.0,0.82,0.0,ml,5.7,67.8947,-160.842,88,North America,United States of America (the),Alaska,-480,2024,7,27
4.2,2024-07-24 10:05:32,0,0,1,Unknown,reviewed,0,271,us,",ak,us,",",origin,phase-data,shakemap,",94,0.848,0.64,41.0,mb,253.714,54.1392,-169.371,142,Unknown,Ocean/Offshore,Unknown,-660,2024,7,24
3.9,2024-07-24 09:37:54,5,3,3,Unknown,reviewed,0,235,ak,",ak,us,",",dyfi,moment-tensor,origin,phase-data,shakemap,",0,0.0,0.72,0.0,ml,90.0,62.9194,-150.38,51,North America,United States of America (the),Alaska,-480,2024,7,24
3.7,2024-07-24 09:07:44,0,0,2,Unknown,reviewed,0,211,us,",ak,us,",",origin,phase-data,shakemap,",65,0.717,1.14,157.0,mb,44.879,54.2124,-162.474,89,North America,United States of America (the),Alaska,-480,2024,7,24
4.0,2024-07-24 03:09:20,0,0,1,Unknown,reviewed,0,246,ak,",ak,",",origin,phase-data,shakemap,",0,0.0,0.43,0.0,ml,35.6,50.4551,-175.92,165,Unknown,Ocean/Offshore,Unknown,-720,2024,7,24
4.6,2024-07-24 03:09:18,0,0,1,Unknown,reviewed,0,326,us,",ak,us,",",origin,phase-data,shakemap,",68,1.473,0.51,130.0,mb,10.0,50.5048,-175.929,168,Unknown,Ocean/Offshore,Unknown,-720,2024,7,24
4.2,2024-07-24 03:08:13,0,0,4,Unknown,reviewed,0,271,ak,",us,ak,",",moment-tensor,origin,phase-data,shakemap,",0,0.0,0.87,0.0,mwr,2.8,67.8725,-160.84,88,North America,United States of America (the),Alaska,-480,2024,7,24
4.7,2024-07-23 08:17:57,0,0,2,Unknown,reviewed,0,340,ak,",us,ak,",",moment-tensor,origin,phase-data,shakemap,",0,0.0,0.67,0.0,mwr,9.8,55.0344,-157.609,143,Unknown,Ocean/Offshore,Unknown,-660,2024,7,23
3.5,2024-07-23 08:17:36,1,3,2,Unknown,reviewed,0,189,ak,",ak,us,",",dyfi,origin,phase-data,shakemap,",0,0.0,0.43,0.0,ml,9.4,55.0747,-157.665,141,Unknown,Ocean/Offshore,Unknown,-660,2024,7,23
3.6,2024-07-22 01:52:59,0,0,2,Unknown,reviewed,0,199,us,",ak,us,",",origin,phase-data,shakemap,",12,0.115,0.19,159.0,ml,193.361,52.1762,-174.341,12,North America,United States of America (the),Alaska,-540,2024,7,22
3.9,2024-07-19 04:03:40,0,0,1,Unknown,reviewed,0,234,us,",ak,us,",",origin,phase-data,shakemap,",46,0.863,0.99,141.0,mb,50.42,52.0532,-170.775,161,Unknown,Ocean/Offshore,Unknown,-660,2024,7,19
3.6,2024-07-19 04:03:38,0,0,1,Unknown,reviewed,0,199,ak,",ak,",",origin,phase-data,shakemap,",0,0.0,0.65,0.0,ml,25.7,52.0045,-170.791,167,Unknown,Ocean/Offshore,Unknown,-660,2024,7,19
6.0,2024-07-19 03:13:47,2,3,4,green,reviewed,1,555,us,",at,us,pt,ak,",",dyfi,ground-failure,impact-link,internal-origin,losspager,moment-tensor,origin,phase-data,shakemap,",147,0.93,0.76,59.0,mwr,40.972,52.1259,-170.932,168,Unknown,Ocean/Offshore,Unknown,-660,2024,7,19
5.9,2024-07-19 03:13:46,1,3,4,Unknown,REVIEWED,1,536,at,",at,ak,",",dyfi,impact-link,origin,shakemap,",40,1.66188,0.93,212.4,Mi,39.0,51.777,-170.741,181,Unknown,Ocean/Offshore,Unknown,-660,2024,7,19
3.7,2024-07-18 21:49:26,0,0,3,Unknown,reviewed,0,211,us,",ak,us,",",origin,phase-data,shakemap,",94,0.139,0.58,104.0,mb,82.626,51.6083,-178.997,166,North America,United States of America (the),Alaska,-540,2024,7,18
3.9,2024-07-18 12:26:21,0,0,1,Unknown,reviewed,0,234,ak,",ak,",",origin,phase-data,shakemap,",0,0.0,0.78,0.0,ml,1.9,53.0155,-158.202,298,Unknown,Ocean/Offshore,Unknown,-660,2024,7,18
4.1,2024-07-18 12:26:15,0,0,1,Unknown,reviewed,0,259,us,",ak,us,",",origin,phase-data,shakemap,",65,2.807,0.64,170.0,mb,10.0,52.8906,-158.04,0,Unknown,Ocean/Offshore,Unknown,-660,2024,7,18
3.6,2024-07-17 17:55:19,2,3,3,Unknown,reviewed,0,200,ak,",us,ak,",",dyfi,moment-tensor,origin,phase-data,shakemap,",0,0.0,0.84,0.0,ml,10.8,59.0708,-137.916,113,North America,United States of America (the),Alaska,-480,2024,7,17
4.2,2024-07-15 13:25:58,0,0,1,Unknown,reviewed,0,271,us,",us,ak,",",moment-tensor,origin,phase-data,shakemap,",59,0.958,0.59,186.0,mwr,40.163,52.1227,-170.579,158,Unknown,Ocean/Offshore,Unknown,-660,2024,7,15
5.6,2024-04-18 15:11:25,11,7,6,green,reviewed,0,490,us,",us,usauto,pt,",",dyfi,impact-text,internal-moment-tensor,internal-origin,losspager,moment-tensor,origin,phase-data,shakemap,",73,1.138,0.6,43.0,mww,16.0,39.9972,35.9796,11,Asia,Turkiye,Tokat,180,2024,4,18
5.8,2024-03-29 07:12:48,30,7,5,green,reviewed,0,539,us,",us,usauto,pt,",",dyfi,impact-text,internal-moment-tensor,internal-origin,losspager,moment-tensor,origin,phase-data,shakemap,",209,0.553,1.16,32.0,mww,26.873,37.3286,21.3156,34,Europe,Greece,Unknown,60,2024,3,29
5.4,2024-03-14 03:06:47,248,9,6,green,reviewed,0,664,us,",us,usauto,pt,",",dyfi,impact-text,internal-moment-tensor,internal-origin,losspager,moment-tensor,origin,phase-data,shakemap,",196,0.673,0.88,29.0,mww,16.067,42.9936,18.6796,22,Europe,Montenegro,Opstina Niksic,60,2024,3,14
5.4,2023-12-07 04:15:39,65,4,4,green,reviewed,0,477,us,",us,usauto,",",dyfi,internal-moment-tensor,losspager,moment-tensor,origin,phase-data,shakemap,",228,1.869,1.14,30.0,mww,39.269,41.1549,49.7415,44,Asia,Ocean/Offshore,Unknown,180,2023,12,7
4.8,2023-11-10 15:36:29,1,3,5,green,reviewed,0,355,us,",us,",",dyfi,earthquake-name,losspager,origin,phase-data,shakemap,",70,2.656,0.8,56.0,mww,10.0,32.797,47.6372,28,Asia,Iran (Islamic Republic of),Ilam Province,210,2023,11,10
5.2,2023-08-10 17:48:01,12,6,6,green,reviewed,0,423,us,",us,usauto,",",dyfi,impact-text,internal-moment-tensor,losspager,moment-tensor,origin,phase-data,shakemap,",114,0.832,0.87,30.0,mww,10.0,38.2787,38.2053,5,Asia,Turkiye,Malatya,180,2023,8,10
5.5,2023-07-25 05:44:51,29,6,6,green,reviewed,0,484,us,",us,usauto,",",dyfi,impact-text,internal-moment-tensor,losspager,moment-tensor,origin,phase-data,shakemap,",113,0.315,0.41,56.0,mww,13.116,37.5831,35.9568,18,Asia,Turkiye,Adana,180,2023,7,25
5.3,2023-07-03 20:01:49,116,7,4,green,reviewed,0,515,us,",us,usauto,",",dyfi,internal-moment-tensor,losspager,moment-tensor,origin,phase-data,shakemap,",103,2.392,0.96,31.0,mww,53.0,41.746,49.2837,49,Asia,Ocean/Offshore,Unknown,180,2023,7,3
6.1,2024-08-28 21:57:56,98,5,5,green,reviewed,0,618,us,",us,usauto,pt,at,",",dyfi,ground-failure,internal-moment-tensor,internal-origin,losspager,moment-tensor,origin,phase-data,shakemap,",83,0.662,1.44,151.0,mww,33.882,12.998,-89.5623,60,Unknown,Ocean/Offshore,Unknown,-360,2024,8,28
3.6,2024-08-14 07:12:30,3,4,4,Unknown,reviewed,0,201,us,",us,",",dyfi,origin,phase-data,shakemap,",47,0.127,0.69,32.0,mb_lg,5.0,32.7843,-100.667,18,North America,United States of America (the),Texas,-300,2024,8,14
3.6,2024-08-14 07:12:29,9,5,4,Unknown,reviewed,0,204,tx,",us,tx,",",dyfi,moment-tensor,origin,phase-data,shakemap,",13,0.1,0.1,61.0,ml,3.7842,32.781,-100.703,16,North America,United States of America (the),Texas,-300,2024,8,14
5.4,2024-08-05 19:02:59,15,5,4,green,reviewed,0,456,us,",us,usauto,",",dyfi,internal-moment-tensor,losspager,moment-tensor,origin,phase-data,shakemap,",112,1.808,1.13,80.0,mww,140.0,16.9087,-93.8167,17,North America,Mexico,Estado de Chiapas,-360,2024,8,5
3.6,2024-07-30 17:43:09,1,2,4,Unknown,reviewed,0,200,us,",us,",",dyfi,origin,phase-data,shakemap,",38,0.112,0.68,37.0,mb_lg,1.155,32.7522,-100.646,16,North America,United States of America (the),Texas,-300,2024,7,30
3.8,2024-07-30 17:43:08,10,3,4,Unknown,reviewed,0,226,tx,",us,tx,",",dyfi,moment-tensor,origin,phase-data,shakemap,",29,0.1,0.2,81.0,ml,8.1299,32.744,-100.649,15,North America,United States of America (the),Texas,-300,2024,7,30
4.1,2024-07-27 21:08:32,53,6,5,green,reviewed,0,288,us,",us,",",dyfi,losspager,moment-tensor,origin,phase-data,shakemap,",37,0.112,0.47,36.0,mwr,5.0,32.7758,-100.685,17,North America,United States of America (the),Texas,-300,2024,7,27
4.8,2024-07-26 14:28:29,171,6,6,green,reviewed,0,459,us,",us,",",dyfi,losspager,moment-tensor,origin,phase-data,shakemap,",28,0.104,0.49,37.0,mww,1.534,32.7457,-100.67,16,North America,United States of America (the),Texas,-300,2024,7,26
5.1,2024-07-26 14:28:29,2610,6,6,green,reviewed,0,1010,tx,",us,tx,",",dyfi,ground-failure,losspager,moment-tensor,oaf,origin,phase-data,shakemap,",38,0.1,0.3,30.0,ml,3.2959,32.746,-100.692,17,North America,United States of America (the),Texas,-300,2024,7,26
4.1,2024-07-25 02:57:43,10,4,5,green,reviewed,0,263,us,",us,",",dyfi,losspager,origin,phase-data,shakemap,",39,0.116,0.67,36.0,mb,5.0,32.7632,-100.653,17,North America,United States of America (the),Texas,-300,2024,7,25
4.0,2024-07-25 02:57:42,27,4,5,green,reviewed,0,257,tx,",us,tx,",",dyfi,losspager,moment-tensor,origin,phase-data,shakemap,",33,0.1,0.4,56.0,ml,3.0029,32.74,-100.732,16,North America,United States of America (the),Texas,-300,2024,7,25
4.4,2024-07-23 03:46:25,81,5,4,green,reviewed,0,341,tx,",us,tx,",",dyfi,losspager,moment-tensor,origin,phase-data,shakemap,",25,0.1,0.3,56.0,ml,3.2959,32.769,-100.67,16,North America,United States of America (the),Texas,-300,2024,7,23
4.9,2024-07-23 03:38:42,1973,6,5,green,reviewed,0,949,tx,",tx,us,",",dyfi,losspager,moment-tensor,origin,phase-data,shakemap,",37,0.1,0.4,48.0,ml,3.1982,32.753,-100.638,17,North America,United States of America (the),Texas,-300,2024,7,23
6.2,2024-07-21 02:53:48,85,4,4,green,reviewed,0,626,us,",us,usauto,pt,at,",",dyfi,ground-failure,internal-moment-tensor,internal-origin,losspager,moment-tensor,origin,phase-data,shakemap,",138,0.573,1.12,29.0,mww,262.297,14.5566,-89.9665,7,North America,Guatemala,Departamento de Jalapa,-360,2024,7,21
3.7,2024-07-19 11:21:20,0,0,4,Unknown,reviewed,0,211,us,",us,",",origin,phase-data,shakemap,",63,0.426,0.64,29.0,mb_lg,6.304,32.3377,-101.052,4,North America,United States of America (the),Texas,-300,2024,7,19
3.6,2024-07-19 11:21:20,6,4,4,Unknown,reviewed,0,202,tx,",us,tx,",",dyfi,moment-tensor,origin,phase-data,shakemap,",34,0.2,0.1,44.0,ml,8.6182,32.33,-101.08,6,North America,United States of America (the),Texas,-300,2024,7,19
3.3,2024-06-26 23:08:56,2,2,4,Unknown,reviewed,0,168,tx,",us,tx,",",dyfi,moment-tensor,origin,phase-data,shakemap,",19,0.2,0.1,68.0,ml,7.8369,32.15,-101.083,24,North America,United States of America (the),Texas,-300,2024,6,26
3.4,2024-06-19 23:31:59,0,0,4,Unknown,reviewed,0,178,tx,",us,tx,",",moment-tensor,origin,phase-data,shakemap,",39,0.1,0.1,63.0,ml,6.2665,31.681,-104.183,54,North America,United States of America (the),Texas,-300,2024,6,19
3.7,2024-06-16 18:47:44,1,2,4,Unknown,reviewed,0,211,tx,",tx,us,",",dyfi,moment-tensor,origin,phase-data,shakemap,",38,0.0,0.2,65.0,ml,4.9207,31.68,-104.394,54,North America,United States of America (the),Texas,-300,2024,6,16
3.9,2024-06-16 18:47:43,0,0,4,Unknown,reviewed,0,234,us,",us,",",origin,phase-data,shakemap,",43,0.114,0.69,65.0,mb,5.0,31.594,-104.399,64,North America,United States of America (the),Texas,-300,2024,6,16
3.7,2024-06-02 15:27:51,0,0,4,Unknown,reviewed,0,211,tx,",us,tx,",",moment-tensor,origin,phase-data,shakemap,",24,0.1,0.1,61.0,ml,6.0999,31.679,-104.194,55,North America,United States of America (the),Texas,-300,2024,6,2
3.5,2024-06-02 00:04:18,1,1,4,Unknown,reviewed,0,189,tx,",us,tx,",",dyfi,moment-tensor,origin,phase-data,shakemap,",43,0.0,0.1,56.0,ml,6.2408,31.69,-104.404,53,North America,United States of America (the),Texas,-300,2024,6,2
4.1,2024-05-28 11:51:10,9,5,4,green,reviewed,0,263,tx,",us,tx,",",dyfi,losspager,moment-tensor,origin,phase-data,shakemap,",33,0.1,0.1,65.0,ml,5.9076,31.674,-104.189,55,North America,United States of America (the),Texas,-300,2024,5,28
3.8,2024-05-28 11:51:10,2,5,5,Unknown,reviewed,0,223,us,",us,",",dyfi,moment-tensor,origin,phase-data,shakemap,",32,0.242,0.36,52.0,mwr,3.902,31.6733,-104.215,56,North America,United States of America (the),Texas,-300,2024,5,28
3.9,2024-05-28 02:04:35,1,2,4,Unknown,reviewed,0,234,tx,",tx,us,",",dyfi,moment-tensor,origin,phase-data,shakemap,",19,0.1,0.1,69.0,ml,7.5354,31.681,-104.201,55,North America,United States of America (the),Texas,-300,2024,5,28
3.4,2024-05-21 14:06:54,0,0,4,Unknown,reviewed,0,178,tx,",us,tx,",",moment-tensor,origin,phase-data,shakemap,",37,0.1,0.2,70.0,ml,6.8433,31.616,-104.498,63,North America,United States of America (the),Texas,-300,2024,5,21
6.4,2024-05-12 11:39:12,158,7,6,yellow,reviewed,0,762,us,",us,usauto,at,pt,",",dyfi,ground-failure,impact-text,internal-moment-tensor,internal-origin,losspager,moment-tensor,origin,phase-data,shakemap,",267,0.515,1.05,30.0,mww,61.91,14.4518,-92.363,28,North America,Mexico,Unknown,-360,2024,5,12
3.8,2024-05-10 20:31:54,1,3,4,Unknown,reviewed,0,222,tx,",tx,us,",",dyfi,moment-tensor,origin,phase-data,shakemap,",42,0.1,0.1,61.0,ml,6.1383,31.667,-104.196,54,North America,United States of America (the),Texas,-300,2024,5,10
3.5,2024-05-07 19:46:11,0,0,4,Unknown,reviewed,0,188,tx,",us,tx,",",moment-tensor,origin,phase-data,shakemap,",40,0.1,0.1,61.0,ml,6.5228,31.67,-104.193,54,North America,United States of America (the),Texas,-300,2024,5,7
3.5,2024-05-07 08:53:25,1,2,4,Unknown,reviewed,0,189,tx,",tx,us,",",dyfi,origin,phase-data,shakemap,",36,0.0,0.1,67.0,ml,6.2024,31.667,-104.312,56,North America,United States of America (the),Texas,-300,2024,5,7
3.3,2024-05-07 08:47:03,0,0,4,Unknown,reviewed,0,168,tx,",us,tx,",",origin,phase-data,shakemap,",29,0.0,0.1,68.0,ml,6.7151,31.657,-104.315,56,North America,United States of America (the),Texas,-300,2024,5,7
3.5,2024-05-05 02:00:50,0,0,4,Unknown,reviewed,0,188,tx,",us,tx,",",moment-tensor,origin,phase-data,shakemap,",27,0.1,0.2,71.0,ml,8.0737,31.588,-104.546,63,North America,United States of America (the),Texas,-300,2024,5,5
3.2,2024-05-03 20:11:48,0,0,4,Unknown,reviewed,0,158,tx,",us,tx,",",moment-tensor,origin,phase-data,shakemap,",15,0.1,0.2,80.0,ml,6.0999,31.612,-104.382,61,North America,United States of America (the),Texas,-300,2024,5,3
3.5,2024-05-03 20:11:48,0,0,4,Unknown,reviewed,0,188,us,",us,",",origin,phase-data,shakemap,",30,0.123,0.28,90.0,ml,5.0,31.6125,-104.372,62,North America,United States of America (the),Texas,-300,2024,5,3
3.8,2024-04-25 20:32:16,0,0,5,Unknown,reviewed,0,222,tx,",us,tx,",",moment-tensor,origin,phase-data,shakemap,",27,0.0,0.2,79.0,ml,8.7146,31.973,-103.318,20,North America,United States of America (the),Texas,-300,2024,4,25
3.6,2024-04-25 19:36:45,0,0,5,Unknown,reviewed,0,199,us,",us,",",origin,phase-data,shakemap,",58,0.237,0.41,30.0,mb_lg,2.164,31.9487,-103.325,22,North America,United States of America (the),Texas,-300,2024,4,25
3.9,2024-04-25 19:36:44,0,0,4,Unknown,reviewed,0,234,tx,",us,tx,",",moment-tensor,origin,phase-data,shakemap,",33,0.0,0.2,77.0,ml,7.843,31.968,-103.332,20,North America,United States of America (the),Texas,-300,2024,4,25
5.4,2024-04-21 19:05:14,1,1,3,green,reviewed,0,449,us,",us,usauto,",",dyfi,internal-moment-tensor,losspager,moment-tensor,origin,phase-data,shakemap,",85,2.017,0.78,174.0,mww,10.0,18.2141,-105.628,142,North America,Ocean/Offshore,Unknown,-420,2024,4,21
5.6,2024-04-18 15:12:30,7,3,7,green,reviewed,0,485,us,",us,usauto,",",dyfi,internal-moment-tensor,losspager,moment-tensor,origin,phase-data,shakemap,",26,2.062,0.63,197.0,mww,10.0,26.2173,-110.508,64,North America,Ocean/Offshore,Unknown,-420,2024,4,18
5.5,2024-04-17 21:21:54,81,4,4,green,reviewed,0,499,us,",us,usauto,pt,",",dyfi,internal-moment-tensor,internal-origin,losspager,moment-tensor,origin,phase-data,shakemap,",256,0.85,0.97,113.0,mww,154.0,11.1362,-85.3425,20,North America,Nicaragua,Departamento de Rivas,-360,2024,4,17
3.3,2024-04-15 01:23:47,1,3,4,Unknown,reviewed,0,168,tx,",tx,us,",",dyfi,moment-tensor,origin,phase-data,shakemap,",37,0.1,0.2,69.0,ml,3.9722,31.583,-104.543,62,North America,United States of America (the),Texas,-300,2024,4,15
4.4,2024-04-10 18:46:45,147,6,5,green,reviewed,0,385,tx,",tx,us,",",dyfi,losspager,moment-tensor,origin,phase-data,shakemap,",15,0.0,0.0,56.0,ml,4.7363,32.318,-101.82,21,North America,United States of America (the),Texas,-300,2024,4,10
5.0,2024-04-07 17:49:32,0,0,3,Unknown,reviewed,0,385,us,",ak,us,",",origin,phase-data,shakemap,",78,0.11,0.78,87.0,mb,193.139,13.7984,-88.995,2,North America,El Salvador,Departamento de Cuscatlan,-360,2024,4,7
3.2,2024-04-02 05:00:43,0,0,4,Unknown,reviewed,0,158,tx,",us,tx,",",moment-tensor,origin,phase-data,shakemap,",18,0.0,0.2,75.0,ml,7.4841,31.585,-104.551,61,North America,United States of America (the),Texas,-300,2024,4,2
3.4,2024-03-29 02:34:57,0,0,4,Unknown,reviewed,0,178,us,",us,",",origin,phase-data,shakemap,",17,1.486,0.55,164.0,ml,10.0,31.0767,-107.436,51,North America,Mexico,Estado de Chihuahua,-360,2024,3,29
5.6,2024-03-17 00:44:02,11,4,4,green,reviewed,0,487,us,",us,usauto,",",dyfi,internal-moment-tensor,losspager,moment-tensor,origin,phase-data,shakemap,",180,0.692,1.08,91.0,mww,48.0,12.3515,-87.6834,45,North America,Ocean/Offshore,Unknown,-360,2024,3,17
5.6,2024-03-07 08:20:10,35,4,4,green,reviewed,0,497,us,",us,usauto,pt,",",dyfi,internal-moment-tensor,internal-origin,losspager,moment-tensor,origin,phase-data,shakemap,",265,1.445,0.61,143.0,mww,9.0,9.7781,-86.3237,78,North America,Ocean/Offshore,Unknown,-360,2024,3,7
3.5,2024-03-05 07:37:57,0,0,5,Unknown,reviewed,0,188,us,",us,",",origin,phase-data,shakemap,",36,0.302,0.63,69.0,mb_lg,5.0,32.4267,-102.098,36,North America,United States of America (the),Texas,-360,2024,3,5
3.8,2024-03-05 07:37:56,12,4,4,Unknown,reviewed,0,227,tx,",tx,us,",",dyfi,moment-tensor,origin,phase-data,shakemap,",56,0.1,0.2,86.0,ml,6.2744,32.427,-102.121,37,North America,United States of America (the),Texas,-360,2024,3,5
3.3,2024-03-04 22:31:07,0,0,4,Unknown,reviewed,0,168,tx,",us,tx,",",origin,phase-data,shakemap,",27,0.0,0.2,68.0,ml,6.2024,31.682,-104.401,54,North America,United States of America (the),Texas,-360,2024,3,4
3.3,2024-03-03 09:36:26,0,0,4,Unknown,reviewed,0,168,tx,",us,tx,",",moment-tensor,origin,phase-data,shakemap,",24,0.0,0.1,54.0,ml,6.933,31.618,-103.986,37,North America,United States of America (the),Texas,-360,2024,3,3
3.5,2024-03-03 09:15:53,0,0,4,Unknown,reviewed,0,188,tx,",us,tx,",",moment-tensor,origin,phase-data,shakemap,",18,0.0,0.1,49.0,ml,6.51,31.613,-103.977,36,North America,United States of America (the),Texas,-360,2024,3,3
3.9,2024-03-03 09:15:23,4,3,4,green,reviewed,0,235,tx,",us,tx,",",dyfi,losspager,moment-tensor,origin,phase-data,shakemap,",28,0.0,0.1,58.0,ml,8.4454,31.611,-103.99,37,North America,United States of America (the),Texas,-360,2024,3,3
3.8,2024-02-26 13:31:37,8,3,3,Unknown,reviewed,0,225,us,",ci,us,",",dyfi,nearby-cities,origin,phase-data,scitech-link,shakemap,",27,0.606,0.87,78.0,ml,10.0,31.5075,-114.403,21,North America,Mexico,Unknown,-420,2024,2,26
3.5,2024-02-24 23:50:10,11,6,5,Unknown,reviewed,0,195,us,",us,",",dyfi,moment-tensor,origin,phase-data,shakemap,",80,0.587,0.6,33.0,mwr,2.146,32.7004,-104.39,6,North America,United States of America (the),New Mexico,-420,2024,2,24
3.5,2024-02-23 15:19:33,15,5,4,Unknown,reviewed,0,195,tx,",us,tx,",",dyfi,origin,phase-data,shakemap,",20,0.1,0.4,79.0,ml,6.3232,28.973,-98.038,1,North America,United States of America (the),Texas,-360,2024,2,23
4.0,2024-02-23 09:47:07,83,4,4,green,reviewed,0,283,us,",us,",",dyfi,losspager,moment-tensor,origin,phase-data,shakemap,",56,0.236,0.6,43.0,mwr,4.944,32.6365,-104.384,15,North America,United States of America (the),New Mexico,-420,2024,2,23
3.3,2024-02-22 11:14:30,0,0,4,Unknown,reviewed,0,168,tx,",us,tx,",",moment-tensor,origin,phase-data,shakemap,",23,0.0,0.1,58.0,ml,7.2791,31.656,-104.311,57,North America,United States of America (the),Texas,-360,2024,2,22
3.6,2024-02-22 11:14:30,0,0,4,Unknown,reviewed,0,199,us,",us,",",origin,phase-data,shakemap,",32,0.187,0.45,65.0,ml,5.0,31.646,-104.283,59,North America,United States of America (the),Texas,-360,2024,2,22
3.7,2024-02-22 06:15:54,23,5,5,green,reviewed,0,221,tx,",us,tx,",",dyfi,losspager,moment-tensor,origin,phase-data,shakemap,",25,0.1,0.3,63.0,ml,3.6865,29.001,-97.965,5,North America,United States of America (the),Texas,-360,2024,2,22
3.7,2024-02-17 09:12:04,1,2,4,Unknown,reviewed,0,211,tx,",tx,us,",",dyfi,moment-tensor,origin,phase-data,shakemap,",36,0.0,0.1,33.0,ml,6.8561,31.639,-104.011,40,North America,United States of America (the),Texas,-360,2024,2,17
3.7,2024-02-17 06:34:18,7,3,5,Unknown,reviewed,0,213,tx,",tx,us,",",dyfi,origin,phase-data,shakemap,",13,0.0,0.3,74.0,ml,8.3252,28.963,-97.936,8,North America,United States of America (the),Texas,-360,2024,2,17
4.7,2024-02-17 06:32:54,304,5,6,green,reviewed,0,504,us,",us,",",dyfi,losspager,moment-tensor,origin,phase-data,shakemap,",41,0.188,1.4,59.0,mwr,2.841,28.9405,-97.9993,5,North America,United States of America (the),Texas,-360,2024,2,17
4.7,2024-02-17 06:32:54,434,5,6,green,reviewed,0,570,tx,",us,tx,",",dyfi,losspager,moment-tensor,origin,phase-data,shakemap,",28,0.0,0.3,69.0,ml,2.1973,28.954,-98.001,3,North America,United States of America (the),Texas,-360,2024,2,17
4.3,2024-02-17 06:20:22,52,5,6,green,reviewed,0,310,us,",us,",",dyfi,losspager,moment-tensor,origin,phase-data,shakemap,",38,0.228,1.13,62.0,mwr,3.0,28.9866,-98.0212,0,North America,United States of America (the),Texas,-360,2024,2,17
4.4,2024-02-17 06:20:21,68,5,6,green,reviewed,0,333,tx,",us,tx,",",dyfi,losspager,moment-tensor,origin,phase-data,shakemap,",25,0.0,0.2,68.0,ml,8.4473,28.954,-98.005,3,North America,United States of America (the),Texas,-360,2024,2,17
3.9,2024-02-17 03:49:06,21,5,4,Unknown,reviewed,0,244,us,",us,",",dyfi,origin,phase-data,shakemap,",29,0.179,0.89,71.0,mb_lg,10.756,28.9777,-97.9583,5,North America,United States of America (the),Texas,-360,2024,2,17
3.9,2024-02-17 03:49:04,41,4,5,green,reviewed,0,251,tx,",us,tx,",",dyfi,losspager,moment-tensor,origin,phase-data,shakemap,",23,0.0,0.2,70.0,ml,7.9346,28.955,-98.01,3,North America,United States of America (the),Texas,-360,2024,2,17
3.9,2024-02-15 04:49:30,0,0,3,Unknown,reviewed,0,234,us,",ci,us,",",nearby-cities,origin,phase-data,scitech-link,shakemap,",34,0.61,0.98,102.0,ml,10.0,31.5352,-114.289,35,North America,Mexico,Unknown,-420,2024,2,15
3.9,2024-02-13 20:08:28,3,2,4,Unknown,reviewed,0,235,tx,",tx,us,",",dyfi,moment-tensor,origin,phase-data,shakemap,",66,0.0,0.2,69.0,ml,6.1316,31.68,-104.416,55,North America,United States of America (the),Texas,-360,2024,2,13
3.5,2024-02-12 18:12:26,1,3,4,Unknown,reviewed,0,189,tx,",us,tx,",",dyfi,moment-tensor,origin,phase-data,shakemap,",27,0.0,0.2,61.0,ml,6.0999,31.655,-104.398,57,North America,United States of America (the),Texas,-360,2024,2,12
5.1,2024-08-27 22:43:04,0,0,3,green,reviewed,0,400,us,",usauto,us,",",internal-moment-tensor,losspager,origin,phase-data,shakemap,",83,3.432,1.27,57.0,mww,53.382,-34.3923,179.972,0,Unknown,Ocean/Offshore,Unknown,720,2024,8,27
4.9,2024-06-05 14:19:43,16,4,3,green,reviewed,0,375,us,",us,usauto,",",dyfi,internal-moment-tensor,losspager,origin,phase-data,shakemap,",73,0.629,0.83,45.0,mb,190.135,-38.2187,176.033,10,Insular Oceania,New Zealand,Waikato,720,2024,6,5
5.1,2024-01-24 14:18:37,23,5,6,green,reviewed,0,412,us,",us,",",dyfi,losspager,moment-tensor,origin,phase-data,shakemap,",43,0.429,0.73,109.0,mww,10.0,-40.2633,176.402,25,Insluar Oceania,New Zealand,Hawke's Bay,780,2024,1,24
5.7,2023-10-14 06:34:10,0,0,3,green,reviewed,0,500,us,",us,usauto,pt,",",earthquake-name,internal-moment-tensor,internal-origin,losspager,moment-tensor,origin,phase-data,shakemap,",183,2.88,0.65,53.0,mww,401.457,-31.3282,179.732,0,Unknown,Ocean/Offshore,Unknown,720,2023,10,14
5.5,2023-09-19 21:14:49,35,5,7,green,reviewed,0,481,us,",us,usauto,pt,",",dyfi,earthquake-name,internal-moment-tensor,internal-origin,losspager,moment-tensor,origin,phase-data,shakemap,",99,0.049,0.71,42.0,mww,11.712,-43.7064,171.118,0,Oceania,New Zealand,Canterbury,720,2023,9,19
5.1,2023-08-10 23:53:19,45,4,4,green,reviewed,0,418,us,",us,",",dyfi,losspager,moment-tensor,origin,phase-data,shakemap,",78,0.984,0.66,52.0,mww,181.278,-40.1882,173.572,88,Unknown,Ocean/Offshore,Unknown,720,2023,8,10
5.3,2024-03-19 21:27:01,14,4,7,green,reviewed,0,438,us,",us,usauto,",",dyfi,internal-moment-tensor,losspager,moment-tensor,origin,phase-data,shakemap,",162,7.784,1.02,73.0,mww,6.0,29.7252,65.3575,68,Asia,Afghanistan,Kandahar,270,2024,3,19
5.5,2024-03-19 00:35:18,12,5,7,green,reviewed,0,472,us,",us,usauto,pt,",",dyfi,internal-moment-tensor,internal-origin,losspager,moment-tensor,origin,phase-data,shakemap,",279,5.769,0.55,22.0,mww,8.0,29.7645,65.3645,64,Asia,Afghanistan,Kandahar,270,2024,3,19
5.1,2024-03-05 04:20:14,0,0,4,green,reviewed,0,400,us,",us,",",losspager,origin,phase-data,shakemap,",102,3.527,0.43,66.0,mww,38.577,27.1043,59.3301,60,Asia,Iran (Islamic Republic of),Sistan and Baluchestan Province,210,2024,3,5
5.3,2023-10-17 16:26:49,5,4,7,yellow,reviewed,0,652,us,",us,usauto,",",dyfi,ground-failure,internal-moment-tensor,losspager,moment-tensor,origin,phase-data,shakemap,",147,2.775,0.69,45.0,mww,10.0,27.7439,56.0776,62,Asia,Iran (Islamic Republic of),Hormozgan Province,210,2023,10,17
5.0,2023-10-17 08:22:11,2,5,6,green,reviewed,0,386,us,",us,",",dyfi,losspager,origin,phase-data,shakemap,",115,2.734,0.74,45.0,mww,10.0,27.6888,56.0903,57,Asia,Iran (Islamic Republic of),Hormozgan Province,210,2023,10,17
5.5,2023-10-17 05:10:03,7,4,7,green,reviewed,0,468,us,",us,usauto,",",dyfi,ground-failure,internal-moment-tensor,losspager,moment-tensor,origin,phase-data,shakemap,",127,2.748,0.68,38.0,mww,10.0,27.7363,56.1369,58,Asia,Iran (Islamic Republic of),Hormozgan Province,210,2023,10,17
5.4,2023-10-15 03:56:28,0,0,7,yellow,reviewed,0,650,us,",us,usauto,",",ground-failure,internal-moment-tensor,losspager,moment-tensor,origin,phase-data,shakemap,",111,4.642,0.81,22.0,mww,10.0,34.6012,62.1031,26,Asia,Afghanistan,Herat,270,2023,10,15
6.3,2023-10-15 03:36:00,28,8,8,orange,reviewed,0,1023,us,",us,usauto,pt,",",dyfi,general-text,ground-failure,impact-text,internal-moment-tensor,internal-origin,losspager,moment-tensor,origin,phase-data,shakemap,",125,5.708,0.92,21.0,mww,9.0,34.6171,62.0517,34,Asia,Afghanistan,Herat,270,2023,10,15
6.3,2023-10-11 00:41:55,54,7,8,red,reviewed,0,2037,us,",us,usauto,pt,at,",",dyfi,general-text,ground-failure,impact-text,internal-moment-tensor,internal-origin,losspager,moment-tensor,origin,phase-data,shakemap,",423,4.645,0.7,21.0,mww,8.0,34.5798,62.0717,24,Asia,Afghanistan,Herat,270,2023,10,11
5.9,2023-10-07 07:40:30,3,5,7,yellow,reviewed,0,652,us,",us,usauto,",",dyfi,ground-failure,internal-moment-tensor,losspager,moment-tensor,origin,phase-data,shakemap,",227,5.81,0.59,43.0,mww,12.48,34.6391,62.0327,35,Asia,Afghanistan,Herat,270,2023,10,7
6.3,2023-10-07 07:12:49,11,9,8,orange,reviewed,0,1010,us,",us,usauto,at,",",dyfi,general-text,ground-failure,impact-text,internal-moment-tensor,internal-origin,losspager,moment-tensor,origin,phase-data,shakemap,",244,5.904,0.5,43.0,mww,8.0,34.5492,61.884,25,Asia,Afghanistan,Herat,270,2023,10,7
5.4,2023-10-07 06:49:41,0,0,7,yellow,reviewed,0,650,us,",us,",",ground-failure,losspager,origin,phase-data,shakemap,",165,5.858,0.47,54.0,mb,10.257,34.5414,61.9547,26,Asia,Afghanistan,Herat,270,2023,10,7
6.3,2023-10-07 06:41:03,19,8,8,orange,reviewed,0,1014,us,",us,usauto,pt,at,",",dyfi,general-text,ground-failure,impact-text,internal-moment-tensor,internal-origin,losspager,moment-tensor,origin,phase-data,shakemap,",279,5.872,0.58,43.0,mww,14.0,34.6259,61.926,32,Asia,Afghanistan,Herat,270,2023,10,7
3.86,2024-06-29 07:46:07,11,3,4,Unknown,reviewed,0,232,ci,",ci,us,",",dyfi,focal-mechanism,nearby-cities,origin,phase-data,scitech-link,shakemap,",44,0.1627,0.13,53.0,ml,2.3,35.0378,-116.983,16,North America,United States of America (the),California,-420,2024,6,29
3.24,2024-06-25 21:20:11,7,3,4,Unknown,reviewed,0,164,nc,",nc,us,",",dyfi,focal-mechanism,nearby-cities,origin,phase-data,shakemap,",59,0.03603,0.08,61.0,ml,5.9,36.0742,-120.644,25,North America,United States of America (the),California,-420,2024,6,25
3.44,2024-06-25 01:04:55,18,5,4,Unknown,reviewed,0,190,ci,",ci,us,",",dyfi,focal-mechanism,nearby-cities,origin,phase-data,scitech-link,shakemap,",67,0.04956,0.25,27.0,ml,13.48,35.1097,-119.094,24,North America,United States of America (the),California,-420,2024,6,25
4.09,2024-06-24 22:30:59,941,7,4,green,reviewed,0,897,ci,",ew,ci,us,",",dyfi,focal-mechanism,losspager,moment-tensor,nearby-cities,origin,phase-data,scitech-link,shake-alert,shakemap,",71,0.05899,0.27,23.0,mw,12.07,35.112,-119.109,24,North America,United States of America (the),California,-420,2024,6,24
3.59,2024-06-23 19:17:01,21,3,3,Unknown,reviewed,0,205,ci,",ci,us,",",dyfi,focal-mechanism,nearby-cities,origin,phase-data,scitech-link,shakemap,",100,0.08582,0.22,19.0,ml,10.55,33.2555,-116.085,13,North America,United States of America (the),California,-420,2024,6,23
5.5,2024-09-15 13:08:09,3,5,7,green,reviewed,0,467,us,",us,usauto,pt,",",dyfi,internal-moment-tensor,internal-origin,losspager,moment-tensor,origin,phase-data,shakemap,",58,2.331,0.74,67.0,mww,10.649,1.3376,118.461,171,Asia,Indonesia,Kalimantan,480,2024,9,15
5.4,2024-09-09 21:01:31,2,6,4,green,reviewed,0,450,us,",us,usauto,",",dyfi,internal-moment-tensor,losspager,origin,phase-data,shakemap,",74,2.935,0.77,108.0,mb,72.165,4.3537,126.74,183,Asia,Indonesia,Sulawesi,480,2024,9,9
5.7,2024-08-19 03:39:00,10,6,5,green,reviewed,0,505,us,",us,usauto,pt,",",dyfi,impact-text,internal-moment-tensor,internal-origin,losspager,moment-tensor,origin,phase-data,shakemap,",112,5.664,0.73,47.0,mww,40.983,12.7442,124.767,20,Asia,Philippines (the),Eastern Visayas (Region VIII),480,2024,8,19
5.0,2024-08-12 11:36:14,1,0,3,green,reviewed,0,385,us,",us,usauto,",",dyfi,internal-moment-tensor,losspager,origin,phase-data,shakemap,",105,1.724,1.01,36.0,mww,65.317,2.3246,126.572,173,Asia,Indonesia,Moluccas,540,2024,8,12
6.3,2024-08-03 04:20:26,20,6,6,green,reviewed,0,623,us,",us,usauto,at,pt,",",dyfi,ground-failure,internal-moment-tensor,internal-origin,losspager,moment-tensor,origin,phase-data,shakemap,",134,1.679,0.97,25.0,mww,15.0,8.1704,126.764,44,Unknown,Ocean/Offshore,Unknown,480,2024,8,3
6.8,2024-08-02 22:23:02,109,7,7,green,reviewed,1,792,us,",at,pt,us,usauto,",",dyfi,ground-failure,impact-link,impact-text,internal-moment-tensor,internal-origin,losspager,moment-tensor,origin,phase-data,shakemap,",259,1.511,0.69,18.0,mww,32.0,8.1856,126.612,20,Asia,Philippines (the),Caraga (Region XIII),480,2024,8,2
5.4,2024-07-16 23:39:32,1,3,4,green,reviewed,0,449,us,",us,usauto,",",dyfi,internal-moment-tensor,losspager,moment-tensor,origin,phase-data,shakemap,",175,1.337,0.88,39.0,mww,40.646,1.246,126.089,111,Asia,Indonesia,Moluccas,540,2024,7,16
7.1,2024-07-11 02:13:18,29,5,4,green,reviewed,1,790,us,",at,us,pt,usauto,",",dyfi,general-text,ground-failure,impact-link,internal-moment-tensor,internal-origin,losspager,moment-tensor,origin,phase-data,shakemap,",401,2.604,0.84,17.0,mww,639.503,6.0646,123.16,106,Unknown,Ocean/Offshore,Unknown,480,2024,7,11
5.6,2024-06-15 13:08:14,0,0,4,green,reviewed,0,482,us,",usauto,us,",",internal-moment-tensor,losspager,moment-tensor,origin,phase-data,shakemap,",119,2.398,0.92,35.0,mww,45.789,3.1375,127.319,180,Asia,Indonesia,Sulawesi,480,2024,6,15
5.8,2024-06-12 17:01:20,3,2,5,green,reviewed,0,518,us,",us,usauto,pt,",",dyfi,internal-moment-tensor,internal-origin,losspager,moment-tensor,origin,phase-data,shakemap,",218,2.814,0.61,23.0,mww,39.0,4.3844,126.49,158,Asia,Indonesia,Sulawesi,480,2024,6,12
5.2,2024-06-11 06:58:36,3,4,4,green,reviewed,0,417,us,",us,usauto,",",dyfi,internal-moment-tensor,losspager,moment-tensor,origin,phase-data,shakemap,",83,8.351,0.57,80.0,mww,9.9,9.4367,119.732,97,Asia,Philippines (the),Unknown,480,2024,6,11
5.0,2024-05-22 05:49:12,0,0,4,green,reviewed,0,385,us,",usauto,us,",",internal-moment-tensor,losspager,moment-tensor,origin,phase-data,shakemap,",131,1.471,0.9,13.0,mww,127.916,0.2108,123.704,81,Asia,Indonesia,Sulawesi Utara,480,2024,5,22
5.7,2024-05-03 10:16:23,14,6,5,green,reviewed,0,508,us,",us,usauto,pt,",",dyfi,impact-text,internal-moment-tensor,internal-origin,losspager,moment-tensor,origin,phase-data,shakemap,",133,3.778,0.78,40.0,mww,10.208,10.8748,125.29,27,Asia,Philippines (the),Unknown,480,2024,5,3
6.4,2024-04-09 09:47:59,3,2,4,green,reviewed,1,631,us,",at,us,pt,usauto,",",dyfi,ground-failure,impact-link,internal-moment-tensor,internal-origin,losspager,moment-tensor,origin,phase-data,shakemap,",267,1.937,0.48,23.0,mww,22.0,2.7135,127.094,150,Asia,Indonesia,Moluccas,540,2024,4,9
5.7,2024-03-24 03:04:07,0,0,4,green,reviewed,0,500,us,",usauto,pt,us,",",internal-moment-tensor,internal-origin,losspager,moment-tensor,origin,phase-data,shakemap,",126,2.082,0.98,52.0,mww,62.174,-9.444,122.147,85,Asia,Indonesia,East Nusa Tenggara,480,2024,3,24
5.7,2024-03-13 18:56:14,0,0,4,green,reviewed,0,500,us,",usauto,pt,at,us,",",internal-moment-tensor,internal-origin,losspager,moment-tensor,origin,phase-data,shakemap,",150,2.309,0.97,28.0,mww,39.0,-0.1127,125.214,111,Asia,Indonesia,Sulawesi Utara,480,2024,3,13
6.0,2024-03-08 09:11:45,7,3,4,green,reviewed,0,556,us,",us,usauto,pt,at,",",dyfi,ground-failure,internal-moment-tensor,internal-origin,losspager,moment-tensor,origin,phase-data,shakemap,",182,1.838,0.59,52.0,mww,115.0,5.8202,126.88,103,Asia,Ocean/Offshore,Unknown,480,2024,3,8
5.4,2024-03-01 09:29:02,3,4,4,green,reviewed,0,450,us,",us,",",dyfi,losspager,origin,phase-data,shakemap,",194,2.119,0.62,42.0,mww,42.374,8.8205,126.704,47,Asia,Ocean/Offshore,Unknown,480,2024,3,1
5.4,2024-02-29 00:23:58,2,3,4,green,reviewed,0,449,us,",us,usauto,",",dyfi,internal-moment-tensor,losspager,moment-tensor,origin,phase-data,shakemap,",193,2.115,0.65,64.0,mww,18.0,8.8517,126.782,46,Asia,Ocean/Offshore,Unknown,480,2024,2,29
5.1,2024-02-29 00:10:12,0,0,4,green,reviewed,0,400,us,",pt,us,",",internal-origin,losspager,moment-tensor,origin,phase-data,shakemap,",191,2.152,0.94,42.0,mww,14.569,8.7891,126.765,56,Asia,Ocean/Offshore,Unknown,480,2024,2,29
4.9,2024-02-27 04:49:09,0,0,6,green,reviewed,0,369,us,",us,",",losspager,origin,phase-data,shakemap,",58,0.82,0.7,62.0,mww,10.0,-9.5467,125.049,30,Asia,Indonesia,East Nusa Tenggara,480,2024,2,27
5.3,2024-02-12 02:03:06,2,3,4,green,reviewed,0,433,us,",us,",",dyfi,losspager,moment-tensor,origin,phase-data,shakemap,",93,2.857,0.7,103.0,mww,35.0,9.7634,126.712,64,Asia,Ocean/Offshore,Unknown,480,2024,2,12
5.4,2024-02-10 05:21:35,6,4,5,green,reviewed,0,451,us,",us,",",dyfi,losspager,origin,phase-data,shakemap,",189,1.617,0.61,72.0,mb,50.159,8.7286,125.71,1,Asia,Philippines (the),Caraga (Region XIII),480,2024,2,10
5.8,2024-02-10 03:22:06,46,5,6,green,reviewed,0,540,us,",us,usauto,pt,",",dyfi,internal-moment-tensor,internal-origin,losspager,moment-tensor,origin,phase-data,shakemap,",103,1.602,0.83,43.0,mww,32.0,8.6991,125.544,8,Asia,Philippines (the),Caraga (Region XIII),480,2024,2,10
5.6,2024-01-25 12:24:12,6,6,6,green,reviewed,0,486,us,",us,usauto,pt,",",dyfi,internal-moment-tensor,internal-origin,losspager,moment-tensor,origin,phase-data,shakemap,",85,3.41,0.99,54.0,mww,21.643,-8.2505,121.098,89,Asia,Indonesia,East Nusa Tenggara,480,2024,1,25
5.6,2024-01-17 12:32:01,10,5,5,green,reviewed,0,487,us,",us,usauto,pt,",",dyfi,internal-moment-tensor,internal-origin,losspager,moment-tensor,origin,phase-data,shakemap,",161,1.749,0.92,79.0,mww,39.0,8.5458,126.497,29,Asia,Philippines (the),Caraga (Region XIII),480,2024,1,17
6.7,2024-01-08 20:48:42,24,5,6,green,reviewed,1,702,us,",at,pt,us,usauto,",",dyfi,ground-failure,impact-link,impact-text,internal-moment-tensor,internal-origin,losspager,moment-tensor,origin,phase-data,shakemap,",138,2.209,0.76,22.0,mww,62.574,4.8602,126.189,93,Asia,Indonesia,Sulawesi Utara,480,2024,1,8
5.3,2024-01-01 07:52:43,0,0,4,green,reviewed,0,432,us,",us,",",losspager,origin,phase-data,shakemap,",52,1.254,0.78,42.0,mb,81.212,-0.1653,123.611,94,Asia,Indonesia,Sulawesi Tengah,480,2024,1,1
5.4,2023-12-07 00:46:30,0,0,4,green,reviewed,0,449,us,",usauto,us,",",internal-moment-tensor,losspager,moment-tensor,origin,phase-data,shakemap,",131,2.239,0.59,67.0,mww,16.406,9.0123,126.773,49,Asia,Ocean/Offshore,Unknown,480,2023,12,7
4.9,2023-12-06 14:52:37,0,0,4,green,reviewed,0,369,us,",us,",",losspager,moment-tensor,origin,phase-data,shakemap,",180,1.828,0.66,81.0,mww,35.0,8.4776,126.735,48,Asia,Ocean/Offshore,Unknown,480,2023,12,6
5.8,2023-12-05 13:36:36,4,4,4,green,reviewed,0,519,us,",us,usauto,pt,at,",",dyfi,internal-moment-tensor,internal-origin,losspager,moment-tensor,origin,phase-data,shakemap,",173,2.396,0.78,62.0,mww,12.0,9.1263,126.869,60,Asia,Ocean/Offshore,Unknown,480,2023,12,5
5.5,2023-12-05 09:42:52,0,0,4,green,reviewed,0,465,us,",usauto,us,",",internal-moment-tensor,losspager,moment-tensor,origin,phase-data,shakemap,",157,2.279,0.43,80.0,mww,26.021,9.1263,126.709,43,Asia,Ocean/Offshore,Unknown,480,2023,12,5
5.7,2023-12-05 09:10:03,2,2,4,green,reviewed,0,500,us,",us,usauto,",",dyfi,internal-moment-tensor,losspager,moment-tensor,origin,phase-data,shakemap,",178,2.277,0.47,79.0,mww,19.697,9.0546,126.666,45,Asia,Ocean/Offshore,Unknown,480,2023,12,5
5.2,2023-12-05 00:34:29,2,3,4,green,reviewed,0,417,us,",us,usauto,",",dyfi,internal-moment-tensor,losspager,moment-tensor,origin,phase-data,shakemap,",259,2.103,0.66,43.0,mww,40.403,8.9514,126.622,27,Asia,Ocean/Offshore,Unknown,480,2023,12,5
5.3,2023-12-04 05:15:43,0,0,4,green,reviewed,0,432,us,",us,",",losspager,origin,phase-data,shakemap,",123,1.735,1.1,45.0,mb,66.931,8.3449,126.792,42,Asia,Ocean/Offshore,Unknown,480,2023,12,4
5.7,2023-12-04 05:08:36,1,2,5,green,reviewed,0,500,us,",us,usauto,pt,",",dyfi,internal-moment-tensor,internal-origin,losspager,moment-tensor,origin,phase-data,shakemap,",135,2.047,0.83,45.0,mww,27.0,8.8312,126.691,37,Asia,Ocean/Offshore,Unknown,480,2023,12,4
5.3,2023-12-04 04:59:01,0,0,4,green,reviewed,0,432,us,",usauto,us,",",internal-moment-tensor,losspager,origin,phase-data,shakemap,",104,2.095,0.48,68.0,mww,55.451,8.8795,126.674,39,Asia,Ocean/Offshore,Unknown,480,2023,12,4
5.3,2023-12-04 04:17:23,0,0,4,green,reviewed,0,432,us,",usauto,us,",",internal-moment-tensor,losspager,moment-tensor,origin,phase-data,shakemap,",101,2.103,0.53,59.0,mww,46.818,8.8411,126.749,49,Asia,Ocean/Offshore,Unknown,480,2023,12,4
5.5,2023-12-04 01:07:50,0,0,4,green,reviewed,0,465,us,",usauto,pt,us,",",internal-moment-tensor,internal-origin,losspager,origin,phase-data,shakemap,",120,1.837,0.79,67.0,mww,66.391,8.441,126.873,52,Asia,Ocean/Offshore,Unknown,480,2023,12,4
5.4,2023-12-03 21:43:38,0,1,4,green,reviewed,0,449,us,",us,pt,",",dyfi,internal-origin,losspager,origin,phase-data,shakemap,",242,2.057,0.85,56.0,mb,24.222,8.7118,126.798,56,Asia,Ocean/Offshore,Unknown,480,2023,12,3
5.3,2023-12-03 20:30:19,0,0,4,green,reviewed,0,432,us,",us,",",losspager,origin,phase-data,shakemap,",117,2.031,0.88,43.0,mb,47.433,8.9293,126.563,19,Asia,Ocean/Offshore,Unknown,480,2023,12,3
6.9,2023-12-03 19:49:35,81,7,6,green,reviewed,1,789,us,",us,pt,usauto,",",associate,disassociate,dyfi,ground-failure,impact-link,impact-text,internal-moment-tensor,internal-origin,losspager,moment-tensor,origin,phase-data,shakemap,",151,2.148,0.93,25.0,mww,20.0,8.9571,126.628,34,Asia,Ocean/Offshore,Unknown,480,2023,12,3
6.0,2023-12-03 14:35:56,3,3,4,green,reviewed,0,555,us,",us,usauto,pt,",",dyfi,ground-failure,internal-moment-tensor,internal-origin,losspager,moment-tensor,origin,phase-data,shakemap,",88,2.061,0.79,76.0,mww,13.0,8.7176,126.897,58,Asia,Ocean/Offshore,Unknown,480,2023,12,3
5.4,2023-12-03 12:39:36,0,0,4,green,reviewed,0,449,us,",us,",",losspager,origin,phase-data,shakemap,",112,2.143,0.8,81.0,mb,28.046,8.65,127.021,81,Asia,Ocean/Offshore,Unknown,480,2023,12,3
5.4,2023-12-03 10:58:38,0,0,4,green,reviewed,0,449,us,",us,",",losspager,origin,phase-data,shakemap,",78,2.143,0.73,88.0,mb,42.849,8.815,126.868,57,Asia,Ocean/Offshore,Unknown,480,2023,12,3
5.6,2023-12-03 10:54:55,0,0,4,green,reviewed,0,482,us,",us,",",losspager,origin,phase-data,shakemap,",94,1.953,0.52,43.0,mww,36.128,8.545,126.871,61,Asia,Ocean/Offshore,Unknown,480,2023,12,3
5.5,2023-12-03 10:53:05,0,0,4,green,reviewed,0,465,us,",us,",",losspager,origin,phase-data,shakemap,",101,1.898,0.71,43.0,mb,39.402,8.2878,127.04,69,Asia,Ocean/Offshore,Unknown,480,2023,12,3
5.7,2023-12-03 10:39:23,0,0,4,green,reviewed,0,500,us,",us,",",losspager,origin,phase-data,shakemap,",81,1.803,0.52,48.0,mb,45.264,8.5597,126.617,37,Asia,Philippines (the),Unknown,480,2023,12,3
6.6,2023-12-03 10:35:52,53,7,6,green,reviewed,1,709,us,",pt,at,us,usauto,",",dyfi,ground-failure,impact-link,internal-moment-tensor,internal-origin,losspager,moment-tensor,origin,phase-data,shakemap,",135,1.822,0.83,32.0,mww,19.0,8.4498,126.72,47,Asia,Ocean/Offshore,Unknown,480,2023,12,3
5.4,2023-12-03 05:43:43,1,3,4,green,reviewed,0,449,us,",us,pt,",",dyfi,internal-origin,losspager,moment-tensor,origin,phase-data,shakemap,",140,1.898,0.52,44.0,mww,63.392,8.6521,126.674,44,Asia,Ocean/Offshore,Unknown,480,2023,12,3
5.5,2023-12-02 22:35:41,0,0,4,green,reviewed,0,465,us,",pt,us,",",internal-origin,losspager,origin,phase-data,shakemap,",133,1.829,0.59,68.0,mb,26.181,8.353,126.93,55,Asia,Ocean/Offshore,Unknown,480,2023,12,2
6.0,2023-12-02 20:52:15,0,0,5,green,reviewed,0,554,us,",us,",",ground-failure,losspager,moment-tensor,origin,phase-data,shakemap,",176,1.813,0.58,42.0,mww,9.0,8.4475,126.778,49,Asia,Ocean/Offshore,Unknown,480,2023,12,2
5.4,2023-12-02 20:39:30,0,0,4,green,reviewed,0,449,us,",us,",",losspager,origin,phase-data,shakemap,",109,1.656,0.56,45.0,mb,63.645,8.248,126.82,36,Asia,Ocean/Offshore,Unknown,480,2023,12,2
5.3,2023-12-02 19:19:21,0,0,4,green,reviewed,0,432,us,",us,",",losspager,origin,phase-data,shakemap,",166,1.825,0.52,49.0,mb,22.227,8.4219,126.838,52,Asia,Ocean/Offshore,Unknown,480,2023,12,2
5.4,2023-12-02 18:20:40,0,0,4,green,reviewed,0,449,us,",us,",",earthquake-name,losspager,origin,phase-data,shakemap,",189,1.828,0.73,28.0,mb,48.935,8.6178,126.709,37,Asia,Ocean/Offshore,Unknown,480,2023,12,2
6.3,2023-12-02 18:09:25,2,3,5,green,reviewed,0,611,us,",us,pt,",",dyfi,ground-failure,internal-origin,losspager,moment-tensor,origin,phase-data,shakemap,",225,1.916,0.71,15.0,mww,46.378,8.4439,126.919,63,Asia,Ocean/Offshore,Unknown,480,2023,12,2
5.6,2023-12-02 17:55:28,0,0,4,green,reviewed,0,482,us,",us,",",losspager,origin,phase-data,shakemap,",192,1.965,0.63,33.0,mb,64.275,8.7034,126.768,52,Asia,Ocean/Offshore,Unknown,480,2023,12,2
5.4,2023-12-02 17:45:05,0,0,4,green,reviewed,0,449,us,",us,",",losspager,origin,phase-data,shakemap,",96,1.569,0.52,79.0,mb,51.478,8.3044,126.566,21,Asia,Philippines (the),Caraga (Region XIII),480,2023,12,2
5.4,2023-12-02 17:43:14,0,0,4,green,reviewed,0,449,us,",us,",",losspager,origin,phase-data,shakemap,",42,1.722,0.97,81.0,mb,35.0,8.2748,126.828,45,Asia,Ocean/Offshore,Unknown,480,2023,12,2
5.6,2023-12-02 17:42:16,0,0,4,green,reviewed,0,482,us,",us,",",losspager,origin,phase-data,shakemap,",100,1.639,0.64,102.0,mb,79.813,8.4261,126.521,21,Asia,Philippines (the),Caraga (Region XIII),480,2023,12,2
6.1,2023-12-02 17:40:15,9,6,5,green,reviewed,0,578,us,",us,pt,",",dyfi,earthquake-name,ground-failure,impact-text,internal-origin,losspager,origin,phase-data,shakemap,",275,1.758,0.81,13.0,mb,36.091,8.4118,126.746,41,Asia,Ocean/Offshore,Unknown,480,2023,12,2
5.7,2023-12-02 16:53:08,0,0,4,green,reviewed,0,500,us,",us,",",losspager,origin,phase-data,shakemap,",100,1.836,0.92,79.0,mb,46.557,8.4001,126.922,54,Asia,Ocean/Offshore,Unknown,480,2023,12,2
5.4,2023-12-02 16:34:59,0,0,4,green,reviewed,0,449,us,",us,",",losspager,origin,phase-data,shakemap,",122,1.869,0.73,95.0,mb,58.952,8.6083,126.699,44,Asia,Ocean/Offshore,Unknown,480,2023,12,2
5.7,2023-12-02 16:19:46,1,2,4,green,reviewed,0,500,us,",us,",",dyfi,losspager,origin,phase-data,shakemap,",89,1.759,0.94,43.0,mb,52.821,8.3159,126.767,45,Asia,Ocean/Offshore,Unknown,480,2023,12,2
5.6,2023-12-02 16:17:01,1,2,4,green,reviewed,0,483,us,",us,",",dyfi,losspager,origin,phase-data,shakemap,",111,1.821,0.51,79.0,mb,44.034,8.4845,126.736,46,Asia,Ocean/Offshore,Unknown,480,2023,12,2
6.4,2023-12-02 16:03:41,19,7,6,green,reviewed,1,643,us,",at,us,pt,at,",",associate,dyfi,ground-failure,impact-link,impact-text,internal-origin,losspager,moment-tensor,origin,phase-data,shakemap,",125,1.792,0.96,65.0,mww,35.0,8.415,126.776,47,Asia,Ocean/Offshore,Unknown,480,2023,12,2
5.5,2023-12-02 15:31:29,0,0,4,green,reviewed,0,465,us,",us,",",losspager,origin,phase-data,shakemap,",72,1.825,0.75,81.0,mb,66.805,8.493,126.771,48,Asia,Ocean/Offshore,Unknown,480,2023,12,2
5.4,2023-12-02 15:22:05,0,0,4,green,reviewed,0,449,us,",us,",",losspager,origin,phase-data,shakemap,",56,1.651,0.7,84.0,mb,60.468,8.3678,126.734,31,Asia,Ocean/Offshore,Unknown,480,2023,12,2
5.4,2023-12-02 15:08:56,0,0,4,green,reviewed,0,449,us,",us,",",losspager,origin,phase-data,shakemap,",142,1.602,0.71,54.0,mb,61.311,8.3335,126.583,25,Asia,Philippines (the),Caraga (Region XIII),480,2023,12,2
5.8,2023-12-02 15:06:46,0,0,4,green,reviewed,0,518,us,",us,",",losspager,origin,phase-data,shakemap,",123,1.879,0.62,84.0,mb,61.655,8.315,127.021,65,Asia,Ocean/Offshore,Unknown,480,2023,12,2
5.4,2023-12-02 14:44:36,0,0,4,green,reviewed,0,449,us,",us,",",losspager,origin,phase-data,shakemap,",31,1.409,1.16,127.0,mb,43.301,8.0495,126.606,18,Asia,Philippines (the),Unknown,480,2023,12,2
5.4,2023-12-02 14:44:03,0,0,4,green,reviewed,0,449,us,",us,",",losspager,origin,phase-data,shakemap,",32,1.718,1.15,84.0,mb,66.534,8.5324,126.505,25,Asia,Philippines (the),Caraga (Region XIII),480,2023,12,2
7.6,2023-12-02 14:37:04,434,9,7,yellow,reviewed,1,1284,us,",pt,at,us,usauto,",",dyfi,finite-fault,general-text,ground-failure,impact-link,impact-text,internal-moment-tensor,internal-origin,losspager,moment-tensor,origin,phase-data,shakemap,",128,1.668,0.98,43.0,mww,40.0,8.5266,126.449,19,Asia,Philippines (the),Caraga (Region XIII),480,2023,12,2
6.0,2023-11-22 02:48:51,3,2,5,green,reviewed,0,554,us,",us,usauto,pt,at,",",dyfi,ground-failure,impact-text,internal-moment-tensor,internal-origin,losspager,moment-tensor,origin,phase-data,shakemap,",132,1.02,0.72,23.0,mww,102.0,1.7425,127.153,91,Asia,Indonesia,Moluccas,540,2023,11,22
6.7,2023-11-17 08:14:10,142,9,8,yellow,reviewed,1,813,us,",pt,us,at,",",dyfi,ground-failure,impact-link,impact-text,internal-origin,losspager,moment-tensor,origin,phase-data,shakemap,",244,1.604,1.02,21.0,mww,52.0,5.5872,125.051,32,Asia,Philippines (the),Unknown,480,2023,11,17
5.8,2023-11-15 23:26:14,0,0,3,green,reviewed,0,518,us,",usauto,pt,us,",",internal-moment-tensor,internal-origin,losspager,moment-tensor,origin,phase-data,shakemap,",293,3.32,0.71,21.0,mww,289.0,1.9752,124.137,96,Asia,Ocean/Offshore,Unknown,480,2023,11,15
5.2,2023-11-12 02:06:16,0,0,5,green,reviewed,0,416,us,",usauto,us,",",internal-moment-tensor,losspager,origin,phase-data,shakemap,",95,0.583,0.86,50.0,mww,42.657,-9.9023,123.7,29,Asia,Indonesia,East Nusa Tenggara,480,2023,11,12
5.7,2023-11-02 06:50:25,1,2,5,green,reviewed,0,500,us,",us,usauto,",",dyfi,internal-moment-tensor,losspager,moment-tensor,origin,phase-data,shakemap,",132,4.321,0.5,48.0,mww,13.0,11.4641,125.922,29,Asia,Philippines (the),Unknown,480,2023,11,2
6.1,2023-11-01 21:04:48,8,8,6,green,reviewed,0,579,us,",us,usauto,at,pt,",",dyfi,ground-failure,impact-text,internal-moment-tensor,internal-origin,losspager,moment-tensor,origin,phase-data,shakemap,",258,6.023,0.88,13.0,mww,51.0,-10.0109,123.713,20,Asia,Indonesia,East Nusa Tenggara,480,2023,11,1
5.4,2023-10-28 15:01:59,0,0,4,green,reviewed,0,449,us,",usauto,us,",",internal-moment-tensor,losspager,moment-tensor,origin,phase-data,shakemap,",133,0.832,0.59,34.0,mww,24.286,1.7869,120.193,296,Asia,Ocean/Offshore,Unknown,480,2023,10,28
5.5,2023-10-28 13:04:53,0,0,6,green,reviewed,0,465,us,",usauto,pt,us,",",internal-moment-tensor,internal-origin,losspager,moment-tensor,origin,phase-data,shakemap,",70,5.044,0.79,63.0,mww,10.0,-7.6308,125.855,98,Asia,Indonesia,Provinsi Maluku,540,2023,10,28
5.9,2023-10-19 18:58:51,17,6,7,green,reviewed,0,546,us,",us,usauto,pt,",",dyfi,internal-moment-tensor,internal-origin,losspager,moment-tensor,origin,phase-data,shakemap,",190,0.86,0.69,22.0,mww,8.494,7.4373,126.299,18,Asia,Philippines (the),Davao (Region XI),480,2023,10,19
6.4,2023-10-04 11:21:47,35,5,5,green,reviewed,0,649,us,",us,usauto,at,pt,",",dyfi,ground-failure,impact-text,internal-moment-tensor,internal-origin,losspager,moment-tensor,origin,phase-data,shakemap,",257,1.801,0.88,23.0,mww,113.0,5.3416,126.06,65,Unknown,Indonesia,Sulawesi Utara,480,2023,10,4
5.9,2023-09-26 01:39:43,6,4,4,green,reviewed,0,538,us,",us,usauto,pt,at,",",dyfi,internal-moment-tensor,internal-origin,losspager,moment-tensor,origin,phase-data,shakemap,",139,3.027,0.76,36.0,mww,94.0,4.7296,127.501,234,Unknown,Ocean/Offshore,Unknown,480,2023,9,26
6.0,2023-09-11 12:51:33,7,4,4,green,reviewed,0,557,us,",us,usauto,pt,at,",",dyfi,ground-failure,impact-text,internal-moment-tensor,internal-origin,losspager,moment-tensor,origin,phase-data,shakemap,",128,0.371,0.89,22.0,mww,151.0,1.1251,127.479,38,Asia,Indonesia,North Maluku,540,2023,9,11
6.0,2023-09-09 14:43:24,2,7,7,green,reviewed,0,555,us,",us,usauto,at,pt,",",dyfi,ground-failure,impact-text,internal-moment-tensor,internal-origin,losspager,moment-tensor,origin,phase-data,shakemap,",103,1.498,0.99,47.0,mww,13.0,0.0054,119.771,101,Unknown,Indonesia,Sulawesi Tengah,480,2023,9,9
5.6,2023-09-09 00:06:14,10,4,2,green,reviewed,0,486,us,",us,at,pt,",",dyfi,internal-origin,losspager,origin,phase-data,shakemap,",178,2.321,0.54,26.0,mww,512.824,-6.8155,116.552,176,Unknown,Indonesia,Provinsi Sulawesi Selatan,480,2023,9,9
5.4,2023-08-31 10:29:28,4,6,4,green,reviewed,0,451,us,",us,usauto,pt,",",dyfi,internal-moment-tensor,internal-origin,losspager,moment-tensor,origin,phase-data,shakemap,",92,0.453,0.98,39.0,mww,47.151,-9.5312,123.86,19,Asia,Indonesia,East Nusa Tenggara,480,2023,8,31
5.7,2023-08-28 20:08:06,8,4,2,green,reviewed,0,503,us,",us,",",dyfi,losspager,origin,phase-data,shakemap,",130,1.874,0.72,23.0,mb,481.974,-7.0459,117.215,156,Unknown,Indonesia,Provinsi Sulawesi Selatan,480,2023,8,28
5.5,2023-08-28 20:06:53,0,1,2,green,reviewed,0,465,us,",us,",",dyfi,losspager,origin,phase-data,shakemap,",92,2.306,0.66,36.0,mb,514.072,-6.8134,116.618,180,Unknown,Indonesia,Provinsi Sulawesi Selatan,480,2023,8,28
7.1,2023-08-28 19:55:30,629,5,4,green,reviewed,1,1077,us,",us,at,at,pt,usauto,",",associate,dyfi,general-text,ground-failure,impact-link,internal-moment-tensor,internal-origin,losspager,moment-tensor,origin,phase-data,shakemap,",139,2.377,0.72,22.0,mww,500.0,-6.7768,116.568,180,Unknown,Indonesia,Provinsi Sulawesi Selatan,480,2023,8,28
5.3,2023-08-28 17:59:16,5,3,4,green,reviewed,0,434,us,",us,usauto,",",dyfi,internal-moment-tensor,losspager,moment-tensor,origin,phase-data,shakemap,",128,3.674,0.96,63.0,mww,28.833,4.2633,126.513,0,Unknown,Indonesia,Sulawesi Utara,480,2023,8,28
3.17,2024-08-09 01:22:19,28,5,4,Unknown,reviewed,0,169,ok,",us,ok,",",dyfi,moment-tensor,origin,phase-data,shakemap,",96,0.0,0.31,29.0,ml,2.65,35.002,-97.6816,4,North America,United States of America (the),Oklahoma,-300,2024,8,9
3.56,2024-07-15 02:46:58,8,4,4,Unknown,reviewed,0,198,ok,",us,ok,",",dyfi,moment-tensor,origin,phase-data,shakemap,",91,0.0,0.19,72.0,ml,6.51,36.4763,-98.8056,14,North America,United States of America (the),Oklahoma,-300,2024,7,15
3.46,2024-07-14 11:08:26,6,4,4,Unknown,reviewed,0,187,ok,",ok,us,",",dyfi,origin,phase-data,shakemap,",86,0.0,0.21,72.0,ml,6.51,36.4766,-98.8086,14,North America,United States of America (the),Oklahoma,-300,2024,7,14
3.8,2024-05-16 08:19:34,276,6,4,Unknown,reviewed,0,382,nm,",nm,us,",",dyfi,moment-tensor,origin,phase-data,shakemap,",60,0.03688,0.19,53.0,mw,7.55,36.2067,-89.4772,6,North America,United States of America (the),Tennessee,-300,2024,5,16
3.8,2024-02-12 08:07:10,10,4,4,Unknown,reviewed,0,226,us,",us,",",dyfi,moment-tensor,origin,phase-data,shakemap,",25,0.163,0.83,64.0,mb,11.915,28.9496,-97.9596,6,North America,United States of America (the),Texas,-360,2024,2,12
3.7,2024-02-12 08:07:10,13,4,5,Unknown,reviewed,0,216,tx,",us,tx,",",dyfi,moment-tensor,origin,phase-data,shakemap,",15,0.1,0.2,68.0,ml,5.3556,28.957,-98.008,3,North America,United States of America (the),Texas,-360,2024,2,12
4.0,2024-02-08 03:48:06,248,5,3,green,reviewed,0,380,us,",us,",",dyfi,losspager,origin,phase-data,shakemap,",56,2.011,0.73,121.0,mb,7.991,28.5574,-78.9438,171,North America,Ocean/Offshore,Unknown,-300,2024,2,8
5.06,2024-02-03 05:24:28,26434,7,7,green,reviewed,0,1084,ok,",us,ok,",",dyfi,ground-failure,impact-text,losspager,moment-tensor,oaf,origin,phase-data,shakemap,",64,0.0,0.25,98.0,mww,3.0,35.5343,-96.7638,8,North America,United States of America (the),Oklahoma,-360,2024,2,3
5.4,2024-08-26 04:11:38,2869,7,4,green,reviewed,0,1099,us,",us,",",dyfi,losspager,moment-tensor,origin,phase-data,shakemap,",94,1.009,0.48,28.0,mb,17.533,37.9845,-9.538,52,Unknown,Ocean/Offshore,Unknown,-60,2024,8,26
5.6,2024-07-12 18:19:05,4,3,4,green,reviewed,0,484,us,",us,usauto,",",dyfi,internal-moment-tensor,losspager,moment-tensor,origin,phase-data,shakemap,",301,0.225,0.78,31.0,mww,176.0,-17.4037,-69.4991,67,South America,Peru,Tacna,-300,2024,7,12
5.8,2024-07-12 09:30:31,3,5,6,green,reviewed,0,519,us,",us,usauto,pt,",",dyfi,internal-moment-tensor,internal-origin,losspager,moment-tensor,origin,phase-data,shakemap,",222,4.06,0.45,120.0,mww,23.0,-15.5726,-74.7689,24,South America,Peru,Arequipa,-300,2024,7,12
5.4,2024-07-08 19:33:26,2,4,4,green,reviewed,0,449,us,",us,usauto,",",dyfi,internal-moment-tensor,losspager,moment-tensor,origin,phase-data,shakemap,",94,4.376,0.59,101.0,mww,13.49,-15.9895,-74.7421,59,South America,Peru,Unknown,-300,2024,7,8
5.4,2024-06-29 07:22:47,6,6,5,green,reviewed,0,452,us,",us,usauto,",",dyfi,internal-moment-tensor,losspager,origin,phase-data,shakemap,",62,4.554,0.87,132.0,mww,21.807,-16.1686,-74.3463,30,South America,Peru,Unknown,-300,2024,6,29
6.1,2024-06-29 07:05:32,11,7,6,green,reviewed,0,580,us,",us,usauto,at,pt,",",dyfi,ground-failure,internal-moment-tensor,internal-origin,losspager,moment-tensor,origin,phase-data,shakemap,",138,4.606,0.71,89.0,mww,18.0,-16.1219,-74.5791,34,South America,Peru,Unknown,-300,2024,6,29
7.2,2024-06-28 05:36:36,120,8,8,yellow,reviewed,1,897,us,",pt,at,us,usauto,",",dyfi,finite-fault,general-text,ground-failure,impact-link,impact-text,internal-moment-tensor,internal-origin,losspager,moment-tensor,origin,phase-data,shakemap,",105,4.675,0.93,46.0,mww,24.0,-15.8106,-74.4447,10,South America,Peru,Unknown,-300,2024,6,28
5.5,2024-06-18 02:22:10,9,4,4,green,reviewed,0,469,us,",us,usauto,",",dyfi,internal-moment-tensor,losspager,moment-tensor,origin,phase-data,shakemap,",154,2.741,0.54,33.0,mww,106.228,-3.8887,-76.6968,53,South America,Peru,Loreto,-300,2024,6,18
6.0,2024-06-16 14:47:33,18,7,6,green,reviewed,0,567,us,",us,usauto,pt,at,",",dyfi,ground-failure,impact-text,internal-moment-tensor,internal-origin,losspager,moment-tensor,origin,phase-data,shakemap,",115,4.499,0.93,65.0,mww,27.0,-15.9192,-74.5392,10,South America,Peru,Unknown,-300,2024,6,16
6.5,2024-01-28 09:38:56,5,3,2,green,reviewed,0,652,us,",us,usauto,pt,at,",",dyfi,ground-failure,internal-moment-tensor,internal-origin,losspager,moment-tensor,origin,phase-data,shakemap,",237,6.526,0.86,40.0,mww,621.081,-8.2154,-71.3672,70,South America,Brazil,Acre,-300,2024,1,28
6.6,2024-01-20 21:31:05,4,4,3,green,reviewed,0,672,us,",us,usauto,pt,at,",",dyfi,ground-failure,internal-moment-tensor,internal-origin,losspager,moment-tensor,origin,phase-data,shakemap,",185,7.065,0.69,36.0,mww,607.0,-7.3193,-71.5055,123,South America,Brazil,Amazonas,-300,2024,1,20
6.2,2023-12-20 12:11:21,31,6,5,green,reviewed,0,609,us,",us,usauto,at,pt,",",dyfi,ground-failure,impact-text,internal-moment-tensor,internal-origin,losspager,moment-tensor,origin,phase-data,shakemap,",184,3.253,0.79,70.0,mww,93.0,-15.9595,-72.6028,11,South America,Peru,Arequipa,-300,2023,12,20
5.7,2023-12-10 11:52:50,4,5,5,green,reviewed,0,502,us,",us,usauto,at,",",dyfi,internal-moment-tensor,internal-origin,losspager,moment-tensor,origin,phase-data,shakemap,",88,2.355,0.6,131.0,mww,14.0,-14.3528,-76.474,53,South America,Peru,Unknown,-300,2023,12,10
5.4,2023-08-21 05:24:12,37,7,4,green,reviewed,0,476,us,",us,usauto,",",dyfi,internal-moment-tensor,losspager,moment-tensor,origin,phase-data,shakemap,",310,2.017,0.78,138.0,mww,40.35,-3.2512,-79.8994,6,South America,Ecuador,Provincia de El Oro,-300,2023,8,21
5.4,2023-08-18 10:27:55,1,6,4,green,reviewed,0,449,us,",us,usauto,",",dyfi,internal-moment-tensor,losspager,moment-tensor,origin,phase-data,shakemap,",94,4.413,0.67,101.0,mww,23.218,-16.1071,-75.0833,78,Unknown,Peru,Unknown,-300,2023,8,18
5.4,2023-08-05 18:33:59,48,9,7,red,reviewed,0,2044,us,",us,usauto,",",dyfi,ground-failure,impact-text,internal-moment-tensor,losspager,moment-tensor,origin,phase-data,shakemap,",199,2.789,0.65,27.0,mww,18.0,37.1933,116.381,24,Asia,China,Shandong Sheng,480,2023,8,5
3.8,2024-09-01 09:43:36,827,5,5,green,reviewed,0,603,us,",us,",",dyfi,losspager,moment-tensor,origin,phase-data,shakemap,",142,1.261,0.66,60.0,mwr,1.108,45.9997,-72.8106,5,North America,Canada,Quebec,-240,2024,9,1
3.7,2024-04-05 21:59:13,12589,5,4,green,reviewed,0,721,us,",us,",",dyfi,losspager,moment-tensor,origin,phase-data,shakemap,",34,0.676,0.31,106.0,mwr,4.111,40.6849,-74.7347,7,North America,United States of America (the),New Jersey,-240,2024,4,5
4.8,2024-04-05 14:23:20,183786,6,6,green,reviewed,1,904,us,",at,us,",",dyfi,earthquake-name,general-header,general-link,general-text,ground-failure,impact-link,losspager,moment-tensor,oaf,origin,phase-data,shakemap,",245,0.684,0.63,54.0,mwr,2.624,40.6834,-74.7526,0,North America,United States of America (the),New Jersey,-240,2024,4,5
5.1,2024-02-03 05:24:28,382,6,7,green,reviewed,0,614,us,",us,",",dyfi,ground-failure,losspager,moment-tensor,oaf,origin,phase-data,shakemap,",62,0.268,0.8,43.0,mww,6.0,35.5346,-96.7337,6,North America,United States of America (the),Oklahoma,-360,2024,2,3
3.6,2024-01-27 20:39:00,35,4,4,Unknown,reviewed,0,214,us,",us,",",dyfi,origin,phase-data,shakemap,",14,0.779,0.27,87.0,mb,8.879,32.1319,-93.3123,4,North America,United States of America (the),Louisiana,-360,2024,1,27
4.1,2024-01-13 11:36:21,1735,5,5,green,reviewed,0,759,ok,",us,ok,",",dyfi,losspager,moment-tensor,origin,phase-data,shakemap,",98,0.0,0.13,39.0,mwr,6.58,35.6715,-97.41,6,North America,United States of America (the),Oklahoma,-360,2024,1,13
4.5,2024-01-13 11:36:21,205,5,6,green,reviewed,0,410,us,",us,",",dyfi,losspager,origin,phase-data,shakemap,",32,0.041,0.15,38.0,ml,6.354,35.6697,-97.417,5,North America,United States of America (the),Oklahoma,-360,2024,1,13
4.26,2024-01-13 03:46:28,3577,5,6,green,reviewed,0,809,ok,",ok,us,",",dyfi,losspager,moment-tensor,origin,phase-data,shakemap,",96,0.0,0.14,21.0,mwr,6.71,35.6658,-97.3982,6,North America,United States of America (the),Oklahoma,-360,2024,1,13
3.4,2023-12-31 16:34:50,41,4,4,Unknown,reviewed,0,193,us,",us,",",dyfi,moment-tensor,origin,phase-data,shakemap,",12,0.747,0.24,87.0,mwr,5.03,39.0875,-97.5686,6,North America,United States of America (the),Kansas,-360,2023,12,31
3.8,2023-12-27 17:46:56,418,5,4,Unknown,reviewed,0,423,nm,",nm,us,",",dyfi,moment-tensor,origin,phase-data,shakemap,",80,0.03771,0.19,58.0,mw,11.2,35.7697,-90.1955,6,North America,United States of America (the),Arkansas,-360,2023,12,27
3.5,2023-12-10 19:31:18,28,5,5,green,reviewed,0,202,us,",us,",",dyfi,losspager,moment-tensor,origin,phase-data,shakemap,",41,1.246,0.81,31.0,mwr,5.0,40.1656,-98.2907,10,North America,United States of America (the),Nebraska,-360,2023,12,10
3.6,2023-11-15 10:41:55,562,5,4,Unknown,reviewed,0,452,us,",us,",",dyfi,earthquake-name,origin,phase-data,shakemap,",64,0.689,0.45,28.0,mb_lg,5.688,41.241,-89.1766,1,North America,United States of America (the),Illinois,-360,2023,11,15
4.0,2023-11-11 00:18:41,258,6,5,green,reviewed,0,398,us,",us,",",dyfi,losspager,moment-tensor,origin,phase-data,shakemap,",49,0.8,0.44,37.0,mwr,5.0,39.0497,-97.6164,4,North America,United States of America (the),Kansas,-360,2023,11,11
3.68,2023-09-25 00:40:31,66,5,4,Unknown,reviewed,0,241,ok,",us,ok,",",dyfi,moment-tensor,origin,phase-data,shakemap,",97,0.0,0.36,47.0,ml,19.89,34.4833,-97.7798,9,North America,United States of America (the),Oklahoma,-300,2023,9,25
3.6,2023-08-28 02:43:26,1404,5,5,green,reviewed,0,739,us,",us,",",dyfi,losspager,moment-tensor,origin,phase-data,shakemap,",86,0.829,0.71,47.0,mwr,5.0,41.7428,-81.0135,7,North America,United States of America (the),Ohio,-240,2023,8,28
5.4,2024-01-25 17:00:43,12,4,4,green,reviewed,0,454,us,",us,usauto,",",dyfi,internal-moment-tensor,losspager,moment-tensor,origin,phase-data,shakemap,",105,0.554,0.44,58.0,mww,10.0,11.7428,43.3665,27,Africa,Djibouti,Unknown,180,2024,1,25
5.4,2023-12-05 20:19:53,0,0,3,green,reviewed,0,449,us,",usauto,us,",",internal-moment-tensor,losspager,moment-tensor,origin,phase-data,shakemap,",172,4.614,0.51,38.0,mww,10.0,12.3388,47.4968,151,Unknown,Ocean/Offshore,Unknown,180,2023,12,5
5.6,2023-12-05 07:31:33,0,0,4,green,reviewed,0,482,us,",usauto,us,",",internal-moment-tensor,losspager,moment-tensor,origin,phase-data,shakemap,",121,4.565,0.57,27.0,mww,9.0,12.2855,47.4426,150,Unknown,Ocean/Offshore,Unknown,180,2023,12,5
5.2,2023-10-26 19:00:25,1,4,7,green,reviewed,0,416,us,",us,usauto,",",dyfi,internal-moment-tensor,losspager,moment-tensor,origin,phase-data,shakemap,",141,7.216,0.82,41.0,mww,9.462,-7.3035,27.9327,177,Africa,Congo (the Democratic Republic of the),Tanganika,120,2023,10,26
5.5,2023-08-08 15:31:18,4,4,7,green,reviewed,0,467,us,",us,usauto,",",dyfi,internal-moment-tensor,losspager,moment-tensor,origin,phase-data,shakemap,",117,4.348,0.58,29.0,mww,7.0,-5.4123,34.9183,39,Africa,"Tanzania, the United Republic of",Singida Region,180,2023,8,8
5.5,2023-11-21 05:10:26,0,0,4,green,reviewed,0,465,us,",usauto,us,",",internal-moment-tensor,losspager,moment-tensor,origin,phase-data,shakemap,",87,9.602,0.56,42.0,mww,10.0,0.9561,-29.0181,0,Unknown,Ocean/Offshore,Unknown,-120,2023,11,21
